--------------------------------------------------------
-- Archivo creado  - martes-mayo-03-2016   
--------------------------------------------------------
--------------------------------------------------------
--  DDL for Sequence TB_ADM_ESTADO_SEQ
--------------------------------------------------------

   CREATE SEQUENCE  "PROYINT"."TB_ADM_ESTADO_SEQ"  MINVALUE 1 MAXVALUE 9999999999999999999999999999 INCREMENT BY 1 START WITH 1 CACHE 20 NOORDER  NOCYCLE ;
--------------------------------------------------------
--  DDL for Sequence TB_ADM_PERMISO_SEQ
--------------------------------------------------------

   CREATE SEQUENCE  "PROYINT"."TB_ADM_PERMISO_SEQ"  MINVALUE 1 MAXVALUE 9999999999999999999999999999 INCREMENT BY 1 START WITH 1 CACHE 20 NOORDER  NOCYCLE ;
--------------------------------------------------------
--  DDL for Sequence TB_ADM_ROL_PROYECTO_SEQ
--------------------------------------------------------

   CREATE SEQUENCE  "PROYINT"."TB_ADM_ROL_PROYECTO_SEQ"  MINVALUE 1 MAXVALUE 9999999999999999999999999999 INCREMENT BY 1 START WITH 1 CACHE 20 NOORDER  NOCYCLE ;
--------------------------------------------------------
--  DDL for Sequence TB_ADM_ROL_SISTEMA_SEQ
--------------------------------------------------------

   CREATE SEQUENCE  "PROYINT"."TB_ADM_ROL_SISTEMA_SEQ"  MINVALUE 1 MAXVALUE 9999999999999999999999999999 INCREMENT BY 1 START WITH 1 CACHE 20 NOORDER  NOCYCLE ;
--------------------------------------------------------
--  DDL for Sequence TB_ADM_TIPO_DOCUMENTO_SEQ
--------------------------------------------------------

   CREATE SEQUENCE  "PROYINT"."TB_ADM_TIPO_DOCUMENTO_SEQ"  MINVALUE 1 MAXVALUE 9999999999999999999999999999 INCREMENT BY 1 START WITH 1 CACHE 20 NOORDER  NOCYCLE ;
--------------------------------------------------------
--  DDL for Sequence TB_ADM_USUARIO_SEQ
--------------------------------------------------------

   CREATE SEQUENCE  "PROYINT"."TB_ADM_USUARIO_SEQ"  MINVALUE 1 MAXVALUE 9999999999999999999999999999 INCREMENT BY 1 START WITH 61 CACHE 20 NOORDER  NOCYCLE ;
--------------------------------------------------------
--  DDL for Sequence TB_PRY_ESTADOS_SEQ
--------------------------------------------------------

   CREATE SEQUENCE  "PROYINT"."TB_PRY_ESTADOS_SEQ"  MINVALUE 1 MAXVALUE 9999999999999999999999999999 INCREMENT BY 1 START WITH 1 CACHE 20 NOORDER  NOCYCLE ;
--------------------------------------------------------
--  DDL for Sequence TB_PRY_MODALIDADES_SEQ
--------------------------------------------------------

   CREATE SEQUENCE  "PROYINT"."TB_PRY_MODALIDADES_SEQ"  MINVALUE 1 MAXVALUE 9999999999999999999999999999 INCREMENT BY 1 START WITH 1 CACHE 20 NOORDER  NOCYCLE ;
--------------------------------------------------------
--  DDL for Sequence TB_PRY_OBJETIVOS_ESPECIFICOS_
--------------------------------------------------------

   CREATE SEQUENCE  "PROYINT"."TB_PRY_OBJETIVOS_ESPECIFICOS_"  MINVALUE 1 MAXVALUE 9999999999999999999999999999 INCREMENT BY 1 START WITH 581 CACHE 20 NOORDER  NOCYCLE ;
--------------------------------------------------------
--  DDL for Sequence TB_PRY_PROYECTO_SEQ
--------------------------------------------------------

   CREATE SEQUENCE  "PROYINT"."TB_PRY_PROYECTO_SEQ"  MINVALUE 1 MAXVALUE 9999999999999999999999999999 INCREMENT BY 1 START WITH 381 CACHE 20 NOORDER  NOCYCLE ;
--------------------------------------------------------
--  DDL for Sequence TB_PRY_TIPOSPROYECTO_SEQ
--------------------------------------------------------

   CREATE SEQUENCE  "PROYINT"."TB_PRY_TIPOSPROYECTO_SEQ"  MINVALUE 1 MAXVALUE 9999999999999999999999999999 INCREMENT BY 1 START WITH 1 CACHE 20 NOORDER  NOCYCLE ;
--------------------------------------------------------
--  DDL for Table TB_ADM_ESTADO
--------------------------------------------------------

  CREATE TABLE "PROYINT"."TB_ADM_ESTADO" 
   (	"NB_IDN" NUMBER(*,0), 
	"VR_DESCRIPCION" VARCHAR2(32 BYTE)
   ) SEGMENT CREATION IMMEDIATE 
  PCTFREE 10 PCTUSED 40 INITRANS 1 MAXTRANS 255 NOCOMPRESS LOGGING
  STORAGE(INITIAL 65536 NEXT 1048576 MINEXTENTS 1 MAXEXTENTS 2147483645
  PCTINCREASE 0 FREELISTS 1 FREELIST GROUPS 1 BUFFER_POOL DEFAULT FLASH_CACHE DEFAULT CELL_FLASH_CACHE DEFAULT)
  TABLESPACE "SYSTEM" ;
--------------------------------------------------------
--  DDL for Table TB_ADM_PERMISO
--------------------------------------------------------

  CREATE TABLE "PROYINT"."TB_ADM_PERMISO" 
   (	"NB_IDN" NUMBER(*,0), 
	"VR_NOMBRE" VARCHAR2(32 BYTE), 
	"VR_ADT_USUARIO" VARCHAR2(32 BYTE), 
	"DT_ADT_FECHA" DATE
   ) SEGMENT CREATION IMMEDIATE 
  PCTFREE 10 PCTUSED 40 INITRANS 1 MAXTRANS 255 NOCOMPRESS LOGGING
  STORAGE(INITIAL 65536 NEXT 1048576 MINEXTENTS 1 MAXEXTENTS 2147483645
  PCTINCREASE 0 FREELISTS 1 FREELIST GROUPS 1 BUFFER_POOL DEFAULT FLASH_CACHE DEFAULT CELL_FLASH_CACHE DEFAULT)
  TABLESPACE "SYSTEM" ;
--------------------------------------------------------
--  DDL for Table TB_ADM_ROL_PROYECTO
--------------------------------------------------------

  CREATE TABLE "PROYINT"."TB_ADM_ROL_PROYECTO" 
   (	"NB_IDN" NUMBER(38,0), 
	"VR_NOMBRE" VARCHAR2(32 BYTE), 
	"VR_ADT_USUARIO" VARCHAR2(32 BYTE), 
	"DT_ADT_FECHA" DATE
   ) SEGMENT CREATION IMMEDIATE 
  PCTFREE 10 PCTUSED 40 INITRANS 1 MAXTRANS 255 NOCOMPRESS LOGGING
  STORAGE(INITIAL 65536 NEXT 1048576 MINEXTENTS 1 MAXEXTENTS 2147483645
  PCTINCREASE 0 FREELISTS 1 FREELIST GROUPS 1 BUFFER_POOL DEFAULT FLASH_CACHE DEFAULT CELL_FLASH_CACHE DEFAULT)
  TABLESPACE "SYSTEM" ;
--------------------------------------------------------
--  DDL for Table TB_ADM_ROL_SISTEMA
--------------------------------------------------------

  CREATE TABLE "PROYINT"."TB_ADM_ROL_SISTEMA" 
   (	"NB_IDN" NUMBER(*,0), 
	"VR_NOMBRE" VARCHAR2(32 BYTE), 
	"VR_ADT_USUARIO" VARCHAR2(32 BYTE), 
	"DT_ADT_FECHA" DATE
   ) SEGMENT CREATION IMMEDIATE 
  PCTFREE 10 PCTUSED 40 INITRANS 1 MAXTRANS 255 NOCOMPRESS LOGGING
  STORAGE(INITIAL 65536 NEXT 1048576 MINEXTENTS 1 MAXEXTENTS 2147483645
  PCTINCREASE 0 FREELISTS 1 FREELIST GROUPS 1 BUFFER_POOL DEFAULT FLASH_CACHE DEFAULT CELL_FLASH_CACHE DEFAULT)
  TABLESPACE "SYSTEM" ;
--------------------------------------------------------
--  DDL for Table TB_ADM_ROLXPERMISO
--------------------------------------------------------

  CREATE TABLE "PROYINT"."TB_ADM_ROLXPERMISO" 
   (	"FK_ROLXPERMISO_ROL_IDN" NUMBER(*,0), 
	"FK_ROLXPERMISO_PERMISO_IDN" NUMBER(*,0)
   ) SEGMENT CREATION IMMEDIATE 
  PCTFREE 10 PCTUSED 40 INITRANS 1 MAXTRANS 255 NOCOMPRESS LOGGING
  STORAGE(INITIAL 65536 NEXT 1048576 MINEXTENTS 1 MAXEXTENTS 2147483645
  PCTINCREASE 0 FREELISTS 1 FREELIST GROUPS 1 BUFFER_POOL DEFAULT FLASH_CACHE DEFAULT CELL_FLASH_CACHE DEFAULT)
  TABLESPACE "SYSTEM" ;
--------------------------------------------------------
--  DDL for Table TB_ADM_TIPO_DOCUMENTO
--------------------------------------------------------

  CREATE TABLE "PROYINT"."TB_ADM_TIPO_DOCUMENTO" 
   (	"NB_IDN" NUMBER(*,0), 
	"VR_NOMBRE" VARCHAR2(32 BYTE)
   ) SEGMENT CREATION IMMEDIATE 
  PCTFREE 10 PCTUSED 40 INITRANS 1 MAXTRANS 255 NOCOMPRESS LOGGING
  STORAGE(INITIAL 65536 NEXT 1048576 MINEXTENTS 1 MAXEXTENTS 2147483645
  PCTINCREASE 0 FREELISTS 1 FREELIST GROUPS 1 BUFFER_POOL DEFAULT FLASH_CACHE DEFAULT CELL_FLASH_CACHE DEFAULT)
  TABLESPACE "SYSTEM" ;
--------------------------------------------------------
--  DDL for Table TB_ADM_USUARIO
--------------------------------------------------------

  CREATE TABLE "PROYINT"."TB_ADM_USUARIO" 
   (	"NB_IDN" NUMBER(*,0), 
	"VR_USUARIO" VARCHAR2(32 BYTE), 
	"VR_CONTRASENA" VARCHAR2(32 BYTE), 
	"VR_NOMBRES" VARCHAR2(32 BYTE), 
	"VR_APELLIDOS" VARCHAR2(32 BYTE), 
	"VR_EMAIL" VARCHAR2(64 BYTE), 
	"VR_ADT_USUARIO" VARCHAR2(32 BYTE), 
	"DT_ADT_FECHA" DATE, 
	"FK_USUARIO_ROL_IDN" NUMBER(*,0), 
	"FK_USUARIO_ESTADO_IDN" NUMBER(*,0), 
	"FK_USUARIO_TIPO_DOCUMENTO_IDN" NUMBER(*,0), 
	"NB_IDENTIFICACION" NUMBER(*,0)
   ) SEGMENT CREATION IMMEDIATE 
  PCTFREE 10 PCTUSED 40 INITRANS 1 MAXTRANS 255 NOCOMPRESS LOGGING
  STORAGE(INITIAL 65536 NEXT 1048576 MINEXTENTS 1 MAXEXTENTS 2147483645
  PCTINCREASE 0 FREELISTS 1 FREELIST GROUPS 1 BUFFER_POOL DEFAULT FLASH_CACHE DEFAULT CELL_FLASH_CACHE DEFAULT)
  TABLESPACE "SYSTEM" ;
--------------------------------------------------------
--  DDL for Table TB_PRY_ACTIVIDADES
--------------------------------------------------------

  CREATE TABLE "PROYINT"."TB_PRY_ACTIVIDADES" 
   (	"NB_IDN" NUMBER, 
	"VR_NOMBREACTIVIDAD" VARCHAR2(256 BYTE), 
	"DT_FECHACREACION" DATE, 
	"NB_PORCENTAJEACTIVIDAD" NUMBER(3,0), 
	"VR_ADTUSUARIO" VARCHAR2(32 BYTE), 
	"DT_ADTFECHA" DATE, 
	"FK_ACTIVIDADE_OBJESPECIF_IDN" NUMBER, 
	"FK_ACTIVIADES_ESTACTIVID_IDN" NUMBER
   ) SEGMENT CREATION IMMEDIATE 
  PCTFREE 10 PCTUSED 40 INITRANS 1 MAXTRANS 255 NOCOMPRESS LOGGING
  STORAGE(INITIAL 65536 NEXT 1048576 MINEXTENTS 1 MAXEXTENTS 2147483645
  PCTINCREASE 0 FREELISTS 1 FREELIST GROUPS 1 BUFFER_POOL DEFAULT FLASH_CACHE DEFAULT CELL_FLASH_CACHE DEFAULT)
  TABLESPACE "SYSTEM" ;
--------------------------------------------------------
--  DDL for Table TB_PRY_ASESORXPROYECTO
--------------------------------------------------------

  CREATE TABLE "PROYINT"."TB_PRY_ASESORXPROYECTO" 
   (	"FK_ASESORXPROYECTO_USUARIO_IDN" NUMBER(38,0), 
	"FK_ASESORXPROYECTO_PROY_IDN" NUMBER(38,0)
   ) SEGMENT CREATION IMMEDIATE 
  PCTFREE 10 PCTUSED 40 INITRANS 1 MAXTRANS 255 NOCOMPRESS LOGGING
  STORAGE(INITIAL 65536 NEXT 1048576 MINEXTENTS 1 MAXEXTENTS 2147483645
  PCTINCREASE 0 FREELISTS 1 FREELIST GROUPS 1 BUFFER_POOL DEFAULT FLASH_CACHE DEFAULT CELL_FLASH_CACHE DEFAULT)
  TABLESPACE "SYSTEM" ;
--------------------------------------------------------
--  DDL for Table TB_PRY_ESTADOS
--------------------------------------------------------

  CREATE TABLE "PROYINT"."TB_PRY_ESTADOS" 
   (	"NB_IDN" NUMBER(38,0), 
	"VR_NOMBRE" VARCHAR2(16 BYTE), 
	"VR_ADT_USUARIO" VARCHAR2(32 BYTE), 
	"VR_ADT_FECHA" DATE
   ) SEGMENT CREATION IMMEDIATE 
  PCTFREE 10 PCTUSED 40 INITRANS 1 MAXTRANS 255 NOCOMPRESS LOGGING
  STORAGE(INITIAL 65536 NEXT 1048576 MINEXTENTS 1 MAXEXTENTS 2147483645
  PCTINCREASE 0 FREELISTS 1 FREELIST GROUPS 1 BUFFER_POOL DEFAULT FLASH_CACHE DEFAULT CELL_FLASH_CACHE DEFAULT)
  TABLESPACE "SYSTEM" ;
--------------------------------------------------------
--  DDL for Table TB_PRY_ESTADOSACTIVIDAD
--------------------------------------------------------

  CREATE TABLE "PROYINT"."TB_PRY_ESTADOSACTIVIDAD" 
   (	"NB_IDN" NUMBER, 
	"VR_NOMBRE" VARCHAR2(16 BYTE), 
	"VR_ADTUSUARIO" VARCHAR2(32 BYTE), 
	"DT_ADTFECHA" DATE
   ) SEGMENT CREATION IMMEDIATE 
  PCTFREE 10 PCTUSED 40 INITRANS 1 MAXTRANS 255 NOCOMPRESS LOGGING
  STORAGE(INITIAL 65536 NEXT 1048576 MINEXTENTS 1 MAXEXTENTS 2147483645
  PCTINCREASE 0 FREELISTS 1 FREELIST GROUPS 1 BUFFER_POOL DEFAULT FLASH_CACHE DEFAULT CELL_FLASH_CACHE DEFAULT)
  TABLESPACE "SYSTEM" ;
--------------------------------------------------------
--  DDL for Table TB_PRY_MODALIDADES
--------------------------------------------------------

  CREATE TABLE "PROYINT"."TB_PRY_MODALIDADES" 
   (	"NB_IDN" NUMBER(*,0), 
	"VR_NOMBRE" VARCHAR2(16 BYTE), 
	"VR_ADT_USUARIO" VARCHAR2(32 BYTE), 
	"DT_ADT_FECHA" DATE
   ) SEGMENT CREATION IMMEDIATE 
  PCTFREE 10 PCTUSED 40 INITRANS 1 MAXTRANS 255 NOCOMPRESS LOGGING
  STORAGE(INITIAL 65536 NEXT 1048576 MINEXTENTS 1 MAXEXTENTS 2147483645
  PCTINCREASE 0 FREELISTS 1 FREELIST GROUPS 1 BUFFER_POOL DEFAULT FLASH_CACHE DEFAULT CELL_FLASH_CACHE DEFAULT)
  TABLESPACE "SYSTEM" ;
--------------------------------------------------------
--  DDL for Table TB_PRY_OBJETIVOS_ESPECIFICOS
--------------------------------------------------------

  CREATE TABLE "PROYINT"."TB_PRY_OBJETIVOS_ESPECIFICOS" 
   (	"NB_IDN" NUMBER(38,0), 
	"VR_DESCRIPCION" VARCHAR2(256 BYTE), 
	"VR_ADT_USUARIO" VARCHAR2(32 BYTE), 
	"VR_ESTADO" VARCHAR2(32 BYTE), 
	"DT_ADT_FECHA" DATE, 
	"NB_PORCENTAJE" NUMBER(3,0), 
	"FK_OBJESP_PROYECTO_IDN" NUMBER(38,0)
   ) SEGMENT CREATION IMMEDIATE 
  PCTFREE 10 PCTUSED 40 INITRANS 1 MAXTRANS 255 NOCOMPRESS LOGGING
  STORAGE(INITIAL 65536 NEXT 1048576 MINEXTENTS 1 MAXEXTENTS 2147483645
  PCTINCREASE 0 FREELISTS 1 FREELIST GROUPS 1 BUFFER_POOL DEFAULT FLASH_CACHE DEFAULT CELL_FLASH_CACHE DEFAULT)
  TABLESPACE "SYSTEM" ;
--------------------------------------------------------
--  DDL for Table TB_PRY_PARTICIPANTEXPROYECTO
--------------------------------------------------------

  CREATE TABLE "PROYINT"."TB_PRY_PARTICIPANTEXPROYECTO" 
   (	"FK_PARTICIPXPROY_USUARIO_IDN" NUMBER(38,0), 
	"FK_PARTICIPXPROY_PROY_IDN" NUMBER(38,0)
   ) SEGMENT CREATION IMMEDIATE 
  PCTFREE 10 PCTUSED 40 INITRANS 1 MAXTRANS 255 NOCOMPRESS LOGGING
  STORAGE(INITIAL 65536 NEXT 1048576 MINEXTENTS 1 MAXEXTENTS 2147483645
  PCTINCREASE 0 FREELISTS 1 FREELIST GROUPS 1 BUFFER_POOL DEFAULT FLASH_CACHE DEFAULT CELL_FLASH_CACHE DEFAULT)
  TABLESPACE "SYSTEM" ;
--------------------------------------------------------
--  DDL for Table TB_PRY_PROYECTO
--------------------------------------------------------

  CREATE TABLE "PROYINT"."TB_PRY_PROYECTO" 
   (	"VR_NOMBRE_PROYECTO" VARCHAR2(128 BYTE), 
	"VR_OBJETIVO_GENERAL" VARCHAR2(256 BYTE), 
	"NB_IDN" NUMBER(38,0), 
	"DT_FECHA_CREACION" DATE, 
	"DT_FECHA_INICIAL" DATE, 
	"DT_FECHA_FINAL" DATE, 
	"DT_ADT_FECHA" DATE, 
	"VR_ADT_USUARIO" VARCHAR2(32 BYTE), 
	"VR_CALIFICACION" VARCHAR2(16 BYTE), 
	"VR_JUSTIFICACION_CANCELACION" VARCHAR2(512 BYTE), 
	"VR_JUSTIFICACION_SUSPENCION" VARCHAR2(512 BYTE), 
	"VR_RECONOCIMIENTO" VARCHAR2(512 BYTE), 
	"FK_PROYECTOS_MODALIDADES_IDN" NUMBER(38,0), 
	"FK_PROYECTOS_TIPOSPROYECTO_IDN" NUMBER(38,0), 
	"FK_PROYECTOS_ESTADOS_IDN" NUMBER(38,0), 
	"FK_PROYECTOS_RESPONSABLE_IDN" NUMBER(38,0)
   ) SEGMENT CREATION IMMEDIATE 
  PCTFREE 10 PCTUSED 40 INITRANS 1 MAXTRANS 255 NOCOMPRESS LOGGING
  STORAGE(INITIAL 65536 NEXT 1048576 MINEXTENTS 1 MAXEXTENTS 2147483645
  PCTINCREASE 0 FREELISTS 1 FREELIST GROUPS 1 BUFFER_POOL DEFAULT FLASH_CACHE DEFAULT CELL_FLASH_CACHE DEFAULT)
  TABLESPACE "SYSTEM" ;
--------------------------------------------------------
--  DDL for Table TB_PRY_TIPOSPROYECTO
--------------------------------------------------------

  CREATE TABLE "PROYINT"."TB_PRY_TIPOSPROYECTO" 
   (	"NB_IDN" NUMBER(*,0), 
	"VR_NOMBRE" VARCHAR2(16 BYTE), 
	"VR_ADT_USUARIO" VARCHAR2(32 BYTE), 
	"DT_ADT_FECHA" DATE
   ) SEGMENT CREATION IMMEDIATE 
  PCTFREE 10 PCTUSED 40 INITRANS 1 MAXTRANS 255 NOCOMPRESS LOGGING
  STORAGE(INITIAL 65536 NEXT 1048576 MINEXTENTS 1 MAXEXTENTS 2147483645
  PCTINCREASE 0 FREELISTS 1 FREELIST GROUPS 1 BUFFER_POOL DEFAULT FLASH_CACHE DEFAULT CELL_FLASH_CACHE DEFAULT)
  TABLESPACE "SYSTEM" ;
REM INSERTING into PROYINT.TB_ADM_ESTADO
SET DEFINE OFF;
Insert into PROYINT.TB_ADM_ESTADO (NB_IDN,VR_DESCRIPCION) values ('1','Activo');
Insert into PROYINT.TB_ADM_ESTADO (NB_IDN,VR_DESCRIPCION) values ('2','Inactivo');
REM INSERTING into PROYINT.TB_ADM_PERMISO
SET DEFINE OFF;
Insert into PROYINT.TB_ADM_PERMISO (NB_IDN,VR_NOMBRE,VR_ADT_USUARIO,DT_ADT_FECHA) values ('1','GestionarUsuario','hader.pelaez',to_date('24/10/15','DD/MM/RR'));
Insert into PROYINT.TB_ADM_PERMISO (NB_IDN,VR_NOMBRE,VR_ADT_USUARIO,DT_ADT_FECHA) values ('2','GestionarProyecto','hader.pelaez',to_date('24/10/15','DD/MM/RR'));
REM INSERTING into PROYINT.TB_ADM_ROL_PROYECTO
SET DEFINE OFF;
Insert into PROYINT.TB_ADM_ROL_PROYECTO (NB_IDN,VR_NOMBRE,VR_ADT_USUARIO,DT_ADT_FECHA) values ('1','Responsable','hader.pelaez',to_date('05/12/15','DD/MM/RR'));
Insert into PROYINT.TB_ADM_ROL_PROYECTO (NB_IDN,VR_NOMBRE,VR_ADT_USUARIO,DT_ADT_FECHA) values ('2','Asesor','hader.pelaez',to_date('05/12/15','DD/MM/RR'));
Insert into PROYINT.TB_ADM_ROL_PROYECTO (NB_IDN,VR_NOMBRE,VR_ADT_USUARIO,DT_ADT_FECHA) values ('3','Participante','hader.pelaez',to_date('05/12/15','DD/MM/RR'));
REM INSERTING into PROYINT.TB_ADM_ROL_SISTEMA
SET DEFINE OFF;
Insert into PROYINT.TB_ADM_ROL_SISTEMA (NB_IDN,VR_NOMBRE,VR_ADT_USUARIO,DT_ADT_FECHA) values ('1','SuperUsuario','hader.pelaez',to_date('24/10/15','DD/MM/RR'));
Insert into PROYINT.TB_ADM_ROL_SISTEMA (NB_IDN,VR_NOMBRE,VR_ADT_USUARIO,DT_ADT_FECHA) values ('2','Profesor','hader.pelaez',to_date('05/12/15','DD/MM/RR'));
Insert into PROYINT.TB_ADM_ROL_SISTEMA (NB_IDN,VR_NOMBRE,VR_ADT_USUARIO,DT_ADT_FECHA) values ('3','Estudiante','hader.pelaez',to_date('05/12/15','DD/MM/RR'));
Insert into PROYINT.TB_ADM_ROL_SISTEMA (NB_IDN,VR_NOMBRE,VR_ADT_USUARIO,DT_ADT_FECHA) values ('4','Jefe departamento','hader.pelaez',to_date('05/12/15','DD/MM/RR'));
REM INSERTING into PROYINT.TB_ADM_ROLXPERMISO
SET DEFINE OFF;
Insert into PROYINT.TB_ADM_ROLXPERMISO (FK_ROLXPERMISO_ROL_IDN,FK_ROLXPERMISO_PERMISO_IDN) values ('1','1');
Insert into PROYINT.TB_ADM_ROLXPERMISO (FK_ROLXPERMISO_ROL_IDN,FK_ROLXPERMISO_PERMISO_IDN) values ('1','2');
REM INSERTING into PROYINT.TB_ADM_TIPO_DOCUMENTO
SET DEFINE OFF;
Insert into PROYINT.TB_ADM_TIPO_DOCUMENTO (NB_IDN,VR_NOMBRE) values ('1','Cedula Ciudadania');
Insert into PROYINT.TB_ADM_TIPO_DOCUMENTO (NB_IDN,VR_NOMBRE) values ('2','Cedula Extranjeria');
Insert into PROYINT.TB_ADM_TIPO_DOCUMENTO (NB_IDN,VR_NOMBRE) values ('3','Pasaporte');
Insert into PROYINT.TB_ADM_TIPO_DOCUMENTO (NB_IDN,VR_NOMBRE) values ('4','Tarjeta Identidad');
REM INSERTING into PROYINT.TB_ADM_USUARIO
SET DEFINE OFF;
Insert into PROYINT.TB_ADM_USUARIO (NB_IDN,VR_USUARIO,VR_CONTRASENA,VR_NOMBRES,VR_APELLIDOS,VR_EMAIL,VR_ADT_USUARIO,DT_ADT_FECHA,FK_USUARIO_ROL_IDN,FK_USUARIO_ESTADO_IDN,FK_USUARIO_TIPO_DOCUMENTO_IDN,NB_IDENTIFICACION) values ('1','hader.pelaez','hader','John Hader','Pelaez Noreña','hpmtaka@hotmail.com','hader.pelaez',to_date('24/10/15','DD/MM/RR'),'1','1','1','1038406771');
Insert into PROYINT.TB_ADM_USUARIO (NB_IDN,VR_USUARIO,VR_CONTRASENA,VR_NOMBRES,VR_APELLIDOS,VR_EMAIL,VR_ADT_USUARIO,DT_ADT_FECHA,FK_USUARIO_ROL_IDN,FK_USUARIO_ESTADO_IDN,FK_USUARIO_TIPO_DOCUMENTO_IDN,NB_IDENTIFICACION) values ('2','carlos.rodriguez','carlos','Carlos Andres','Rodriguez Gonzalez','carlos@gmail.com','carlos.rodriguez',to_date('05/01/16','DD/MM/RR'),'1','1','1','71260868');
Insert into PROYINT.TB_ADM_USUARIO (NB_IDN,VR_USUARIO,VR_CONTRASENA,VR_NOMBRES,VR_APELLIDOS,VR_EMAIL,VR_ADT_USUARIO,DT_ADT_FECHA,FK_USUARIO_ROL_IDN,FK_USUARIO_ESTADO_IDN,FK_USUARIO_TIPO_DOCUMENTO_IDN,NB_IDENTIFICACION) values ('3','duvan.sanchez','duvan','Duvan Andrey','Sanchez','duvan@gmail.com','duvan.sanchez',to_date('05/01/16','DD/MM/RR'),'1','1','1','1');
Insert into PROYINT.TB_ADM_USUARIO (NB_IDN,VR_USUARIO,VR_CONTRASENA,VR_NOMBRES,VR_APELLIDOS,VR_EMAIL,VR_ADT_USUARIO,DT_ADT_FECHA,FK_USUARIO_ROL_IDN,FK_USUARIO_ESTADO_IDN,FK_USUARIO_TIPO_DOCUMENTO_IDN,NB_IDENTIFICACION) values ('4','david.yepes','asdf123','David','Yepes Isaza','davicitobonito@hotmail.com','carlos.rodriguez',to_date('13/02/16','DD/MM/RR'),'2','1','1','1034231');
Insert into PROYINT.TB_ADM_USUARIO (NB_IDN,VR_USUARIO,VR_CONTRASENA,VR_NOMBRES,VR_APELLIDOS,VR_EMAIL,VR_ADT_USUARIO,DT_ADT_FECHA,FK_USUARIO_ROL_IDN,FK_USUARIO_ESTADO_IDN,FK_USUARIO_TIPO_DOCUMENTO_IDN,NB_IDENTIFICACION) values ('5','andresf','12345','Andres Felipe','Valencia Orozco','andresfelipe@hotmail.com','carlos.rodriguez',to_date('24/02/16','DD/MM/RR'),'1','1','1','1040039088');
Insert into PROYINT.TB_ADM_USUARIO (NB_IDN,VR_USUARIO,VR_CONTRASENA,VR_NOMBRES,VR_APELLIDOS,VR_EMAIL,VR_ADT_USUARIO,DT_ADT_FECHA,FK_USUARIO_ROL_IDN,FK_USUARIO_ESTADO_IDN,FK_USUARIO_TIPO_DOCUMENTO_IDN,NB_IDENTIFICACION) values ('41','tatiana','12345','July Tatiana','Aguirre Ramirez','jtatiana.aguirrre@udea.edu.co','andresf.valencia',to_date('18/03/16','DD/MM/RR'),'1','1','1','39452962');
REM INSERTING into PROYINT.TB_PRY_ACTIVIDADES
SET DEFINE OFF;
REM INSERTING into PROYINT.TB_PRY_ASESORXPROYECTO
SET DEFINE OFF;
Insert into PROYINT.TB_PRY_ASESORXPROYECTO (FK_ASESORXPROYECTO_USUARIO_IDN,FK_ASESORXPROYECTO_PROY_IDN) values ('1','43');
Insert into PROYINT.TB_PRY_ASESORXPROYECTO (FK_ASESORXPROYECTO_USUARIO_IDN,FK_ASESORXPROYECTO_PROY_IDN) values ('1','81');
Insert into PROYINT.TB_PRY_ASESORXPROYECTO (FK_ASESORXPROYECTO_USUARIO_IDN,FK_ASESORXPROYECTO_PROY_IDN) values ('1','124');
Insert into PROYINT.TB_PRY_ASESORXPROYECTO (FK_ASESORXPROYECTO_USUARIO_IDN,FK_ASESORXPROYECTO_PROY_IDN) values ('1','162');
Insert into PROYINT.TB_PRY_ASESORXPROYECTO (FK_ASESORXPROYECTO_USUARIO_IDN,FK_ASESORXPROYECTO_PROY_IDN) values ('1','163');
Insert into PROYINT.TB_PRY_ASESORXPROYECTO (FK_ASESORXPROYECTO_USUARIO_IDN,FK_ASESORXPROYECTO_PROY_IDN) values ('1','164');
Insert into PROYINT.TB_PRY_ASESORXPROYECTO (FK_ASESORXPROYECTO_USUARIO_IDN,FK_ASESORXPROYECTO_PROY_IDN) values ('1','165');
Insert into PROYINT.TB_PRY_ASESORXPROYECTO (FK_ASESORXPROYECTO_USUARIO_IDN,FK_ASESORXPROYECTO_PROY_IDN) values ('1','166');
Insert into PROYINT.TB_PRY_ASESORXPROYECTO (FK_ASESORXPROYECTO_USUARIO_IDN,FK_ASESORXPROYECTO_PROY_IDN) values ('1','167');
Insert into PROYINT.TB_PRY_ASESORXPROYECTO (FK_ASESORXPROYECTO_USUARIO_IDN,FK_ASESORXPROYECTO_PROY_IDN) values ('1','168');
Insert into PROYINT.TB_PRY_ASESORXPROYECTO (FK_ASESORXPROYECTO_USUARIO_IDN,FK_ASESORXPROYECTO_PROY_IDN) values ('1','169');
Insert into PROYINT.TB_PRY_ASESORXPROYECTO (FK_ASESORXPROYECTO_USUARIO_IDN,FK_ASESORXPROYECTO_PROY_IDN) values ('1','170');
Insert into PROYINT.TB_PRY_ASESORXPROYECTO (FK_ASESORXPROYECTO_USUARIO_IDN,FK_ASESORXPROYECTO_PROY_IDN) values ('1','171');
Insert into PROYINT.TB_PRY_ASESORXPROYECTO (FK_ASESORXPROYECTO_USUARIO_IDN,FK_ASESORXPROYECTO_PROY_IDN) values ('1','172');
Insert into PROYINT.TB_PRY_ASESORXPROYECTO (FK_ASESORXPROYECTO_USUARIO_IDN,FK_ASESORXPROYECTO_PROY_IDN) values ('1','173');
Insert into PROYINT.TB_PRY_ASESORXPROYECTO (FK_ASESORXPROYECTO_USUARIO_IDN,FK_ASESORXPROYECTO_PROY_IDN) values ('1','176');
Insert into PROYINT.TB_PRY_ASESORXPROYECTO (FK_ASESORXPROYECTO_USUARIO_IDN,FK_ASESORXPROYECTO_PROY_IDN) values ('1','177');
Insert into PROYINT.TB_PRY_ASESORXPROYECTO (FK_ASESORXPROYECTO_USUARIO_IDN,FK_ASESORXPROYECTO_PROY_IDN) values ('1','178');
Insert into PROYINT.TB_PRY_ASESORXPROYECTO (FK_ASESORXPROYECTO_USUARIO_IDN,FK_ASESORXPROYECTO_PROY_IDN) values ('1','179');
Insert into PROYINT.TB_PRY_ASESORXPROYECTO (FK_ASESORXPROYECTO_USUARIO_IDN,FK_ASESORXPROYECTO_PROY_IDN) values ('1','180');
Insert into PROYINT.TB_PRY_ASESORXPROYECTO (FK_ASESORXPROYECTO_USUARIO_IDN,FK_ASESORXPROYECTO_PROY_IDN) values ('1','181');
Insert into PROYINT.TB_PRY_ASESORXPROYECTO (FK_ASESORXPROYECTO_USUARIO_IDN,FK_ASESORXPROYECTO_PROY_IDN) values ('1','182');
Insert into PROYINT.TB_PRY_ASESORXPROYECTO (FK_ASESORXPROYECTO_USUARIO_IDN,FK_ASESORXPROYECTO_PROY_IDN) values ('1','183');
Insert into PROYINT.TB_PRY_ASESORXPROYECTO (FK_ASESORXPROYECTO_USUARIO_IDN,FK_ASESORXPROYECTO_PROY_IDN) values ('1','184');
Insert into PROYINT.TB_PRY_ASESORXPROYECTO (FK_ASESORXPROYECTO_USUARIO_IDN,FK_ASESORXPROYECTO_PROY_IDN) values ('1','185');
Insert into PROYINT.TB_PRY_ASESORXPROYECTO (FK_ASESORXPROYECTO_USUARIO_IDN,FK_ASESORXPROYECTO_PROY_IDN) values ('1','186');
Insert into PROYINT.TB_PRY_ASESORXPROYECTO (FK_ASESORXPROYECTO_USUARIO_IDN,FK_ASESORXPROYECTO_PROY_IDN) values ('1','187');
Insert into PROYINT.TB_PRY_ASESORXPROYECTO (FK_ASESORXPROYECTO_USUARIO_IDN,FK_ASESORXPROYECTO_PROY_IDN) values ('1','188');
Insert into PROYINT.TB_PRY_ASESORXPROYECTO (FK_ASESORXPROYECTO_USUARIO_IDN,FK_ASESORXPROYECTO_PROY_IDN) values ('1','189');
Insert into PROYINT.TB_PRY_ASESORXPROYECTO (FK_ASESORXPROYECTO_USUARIO_IDN,FK_ASESORXPROYECTO_PROY_IDN) values ('1','190');
Insert into PROYINT.TB_PRY_ASESORXPROYECTO (FK_ASESORXPROYECTO_USUARIO_IDN,FK_ASESORXPROYECTO_PROY_IDN) values ('1','191');
Insert into PROYINT.TB_PRY_ASESORXPROYECTO (FK_ASESORXPROYECTO_USUARIO_IDN,FK_ASESORXPROYECTO_PROY_IDN) values ('1','192');
Insert into PROYINT.TB_PRY_ASESORXPROYECTO (FK_ASESORXPROYECTO_USUARIO_IDN,FK_ASESORXPROYECTO_PROY_IDN) values ('1','193');
Insert into PROYINT.TB_PRY_ASESORXPROYECTO (FK_ASESORXPROYECTO_USUARIO_IDN,FK_ASESORXPROYECTO_PROY_IDN) values ('1','194');
Insert into PROYINT.TB_PRY_ASESORXPROYECTO (FK_ASESORXPROYECTO_USUARIO_IDN,FK_ASESORXPROYECTO_PROY_IDN) values ('1','195');
Insert into PROYINT.TB_PRY_ASESORXPROYECTO (FK_ASESORXPROYECTO_USUARIO_IDN,FK_ASESORXPROYECTO_PROY_IDN) values ('1','196');
Insert into PROYINT.TB_PRY_ASESORXPROYECTO (FK_ASESORXPROYECTO_USUARIO_IDN,FK_ASESORXPROYECTO_PROY_IDN) values ('1','197');
Insert into PROYINT.TB_PRY_ASESORXPROYECTO (FK_ASESORXPROYECTO_USUARIO_IDN,FK_ASESORXPROYECTO_PROY_IDN) values ('1','198');
Insert into PROYINT.TB_PRY_ASESORXPROYECTO (FK_ASESORXPROYECTO_USUARIO_IDN,FK_ASESORXPROYECTO_PROY_IDN) values ('1','199');
Insert into PROYINT.TB_PRY_ASESORXPROYECTO (FK_ASESORXPROYECTO_USUARIO_IDN,FK_ASESORXPROYECTO_PROY_IDN) values ('1','200');
Insert into PROYINT.TB_PRY_ASESORXPROYECTO (FK_ASESORXPROYECTO_USUARIO_IDN,FK_ASESORXPROYECTO_PROY_IDN) values ('1','201');
Insert into PROYINT.TB_PRY_ASESORXPROYECTO (FK_ASESORXPROYECTO_USUARIO_IDN,FK_ASESORXPROYECTO_PROY_IDN) values ('1','202');
Insert into PROYINT.TB_PRY_ASESORXPROYECTO (FK_ASESORXPROYECTO_USUARIO_IDN,FK_ASESORXPROYECTO_PROY_IDN) values ('1','203');
Insert into PROYINT.TB_PRY_ASESORXPROYECTO (FK_ASESORXPROYECTO_USUARIO_IDN,FK_ASESORXPROYECTO_PROY_IDN) values ('1','204');
Insert into PROYINT.TB_PRY_ASESORXPROYECTO (FK_ASESORXPROYECTO_USUARIO_IDN,FK_ASESORXPROYECTO_PROY_IDN) values ('1','221');
Insert into PROYINT.TB_PRY_ASESORXPROYECTO (FK_ASESORXPROYECTO_USUARIO_IDN,FK_ASESORXPROYECTO_PROY_IDN) values ('1','222');
Insert into PROYINT.TB_PRY_ASESORXPROYECTO (FK_ASESORXPROYECTO_USUARIO_IDN,FK_ASESORXPROYECTO_PROY_IDN) values ('1','223');
Insert into PROYINT.TB_PRY_ASESORXPROYECTO (FK_ASESORXPROYECTO_USUARIO_IDN,FK_ASESORXPROYECTO_PROY_IDN) values ('1','231');
Insert into PROYINT.TB_PRY_ASESORXPROYECTO (FK_ASESORXPROYECTO_USUARIO_IDN,FK_ASESORXPROYECTO_PROY_IDN) values ('1','232');
Insert into PROYINT.TB_PRY_ASESORXPROYECTO (FK_ASESORXPROYECTO_USUARIO_IDN,FK_ASESORXPROYECTO_PROY_IDN) values ('1','233');
Insert into PROYINT.TB_PRY_ASESORXPROYECTO (FK_ASESORXPROYECTO_USUARIO_IDN,FK_ASESORXPROYECTO_PROY_IDN) values ('1','234');
Insert into PROYINT.TB_PRY_ASESORXPROYECTO (FK_ASESORXPROYECTO_USUARIO_IDN,FK_ASESORXPROYECTO_PROY_IDN) values ('1','235');
Insert into PROYINT.TB_PRY_ASESORXPROYECTO (FK_ASESORXPROYECTO_USUARIO_IDN,FK_ASESORXPROYECTO_PROY_IDN) values ('1','237');
Insert into PROYINT.TB_PRY_ASESORXPROYECTO (FK_ASESORXPROYECTO_USUARIO_IDN,FK_ASESORXPROYECTO_PROY_IDN) values ('1','238');
Insert into PROYINT.TB_PRY_ASESORXPROYECTO (FK_ASESORXPROYECTO_USUARIO_IDN,FK_ASESORXPROYECTO_PROY_IDN) values ('1','239');
Insert into PROYINT.TB_PRY_ASESORXPROYECTO (FK_ASESORXPROYECTO_USUARIO_IDN,FK_ASESORXPROYECTO_PROY_IDN) values ('1','240');
Insert into PROYINT.TB_PRY_ASESORXPROYECTO (FK_ASESORXPROYECTO_USUARIO_IDN,FK_ASESORXPROYECTO_PROY_IDN) values ('1','241');
Insert into PROYINT.TB_PRY_ASESORXPROYECTO (FK_ASESORXPROYECTO_USUARIO_IDN,FK_ASESORXPROYECTO_PROY_IDN) values ('1','242');
Insert into PROYINT.TB_PRY_ASESORXPROYECTO (FK_ASESORXPROYECTO_USUARIO_IDN,FK_ASESORXPROYECTO_PROY_IDN) values ('1','243');
Insert into PROYINT.TB_PRY_ASESORXPROYECTO (FK_ASESORXPROYECTO_USUARIO_IDN,FK_ASESORXPROYECTO_PROY_IDN) values ('1','244');
Insert into PROYINT.TB_PRY_ASESORXPROYECTO (FK_ASESORXPROYECTO_USUARIO_IDN,FK_ASESORXPROYECTO_PROY_IDN) values ('1','245');
Insert into PROYINT.TB_PRY_ASESORXPROYECTO (FK_ASESORXPROYECTO_USUARIO_IDN,FK_ASESORXPROYECTO_PROY_IDN) values ('1','246');
Insert into PROYINT.TB_PRY_ASESORXPROYECTO (FK_ASESORXPROYECTO_USUARIO_IDN,FK_ASESORXPROYECTO_PROY_IDN) values ('1','247');
Insert into PROYINT.TB_PRY_ASESORXPROYECTO (FK_ASESORXPROYECTO_USUARIO_IDN,FK_ASESORXPROYECTO_PROY_IDN) values ('1','248');
Insert into PROYINT.TB_PRY_ASESORXPROYECTO (FK_ASESORXPROYECTO_USUARIO_IDN,FK_ASESORXPROYECTO_PROY_IDN) values ('1','249');
Insert into PROYINT.TB_PRY_ASESORXPROYECTO (FK_ASESORXPROYECTO_USUARIO_IDN,FK_ASESORXPROYECTO_PROY_IDN) values ('1','250');
Insert into PROYINT.TB_PRY_ASESORXPROYECTO (FK_ASESORXPROYECTO_USUARIO_IDN,FK_ASESORXPROYECTO_PROY_IDN) values ('1','252');
Insert into PROYINT.TB_PRY_ASESORXPROYECTO (FK_ASESORXPROYECTO_USUARIO_IDN,FK_ASESORXPROYECTO_PROY_IDN) values ('1','253');
Insert into PROYINT.TB_PRY_ASESORXPROYECTO (FK_ASESORXPROYECTO_USUARIO_IDN,FK_ASESORXPROYECTO_PROY_IDN) values ('1','254');
Insert into PROYINT.TB_PRY_ASESORXPROYECTO (FK_ASESORXPROYECTO_USUARIO_IDN,FK_ASESORXPROYECTO_PROY_IDN) values ('1','255');
Insert into PROYINT.TB_PRY_ASESORXPROYECTO (FK_ASESORXPROYECTO_USUARIO_IDN,FK_ASESORXPROYECTO_PROY_IDN) values ('1','256');
Insert into PROYINT.TB_PRY_ASESORXPROYECTO (FK_ASESORXPROYECTO_USUARIO_IDN,FK_ASESORXPROYECTO_PROY_IDN) values ('1','257');
Insert into PROYINT.TB_PRY_ASESORXPROYECTO (FK_ASESORXPROYECTO_USUARIO_IDN,FK_ASESORXPROYECTO_PROY_IDN) values ('1','258');
Insert into PROYINT.TB_PRY_ASESORXPROYECTO (FK_ASESORXPROYECTO_USUARIO_IDN,FK_ASESORXPROYECTO_PROY_IDN) values ('1','259');
Insert into PROYINT.TB_PRY_ASESORXPROYECTO (FK_ASESORXPROYECTO_USUARIO_IDN,FK_ASESORXPROYECTO_PROY_IDN) values ('1','260');
Insert into PROYINT.TB_PRY_ASESORXPROYECTO (FK_ASESORXPROYECTO_USUARIO_IDN,FK_ASESORXPROYECTO_PROY_IDN) values ('1','261');
Insert into PROYINT.TB_PRY_ASESORXPROYECTO (FK_ASESORXPROYECTO_USUARIO_IDN,FK_ASESORXPROYECTO_PROY_IDN) values ('1','262');
Insert into PROYINT.TB_PRY_ASESORXPROYECTO (FK_ASESORXPROYECTO_USUARIO_IDN,FK_ASESORXPROYECTO_PROY_IDN) values ('1','263');
Insert into PROYINT.TB_PRY_ASESORXPROYECTO (FK_ASESORXPROYECTO_USUARIO_IDN,FK_ASESORXPROYECTO_PROY_IDN) values ('1','266');
Insert into PROYINT.TB_PRY_ASESORXPROYECTO (FK_ASESORXPROYECTO_USUARIO_IDN,FK_ASESORXPROYECTO_PROY_IDN) values ('1','268');
Insert into PROYINT.TB_PRY_ASESORXPROYECTO (FK_ASESORXPROYECTO_USUARIO_IDN,FK_ASESORXPROYECTO_PROY_IDN) values ('1','269');
Insert into PROYINT.TB_PRY_ASESORXPROYECTO (FK_ASESORXPROYECTO_USUARIO_IDN,FK_ASESORXPROYECTO_PROY_IDN) values ('1','270');
Insert into PROYINT.TB_PRY_ASESORXPROYECTO (FK_ASESORXPROYECTO_USUARIO_IDN,FK_ASESORXPROYECTO_PROY_IDN) values ('1','271');
Insert into PROYINT.TB_PRY_ASESORXPROYECTO (FK_ASESORXPROYECTO_USUARIO_IDN,FK_ASESORXPROYECTO_PROY_IDN) values ('1','272');
Insert into PROYINT.TB_PRY_ASESORXPROYECTO (FK_ASESORXPROYECTO_USUARIO_IDN,FK_ASESORXPROYECTO_PROY_IDN) values ('1','273');
Insert into PROYINT.TB_PRY_ASESORXPROYECTO (FK_ASESORXPROYECTO_USUARIO_IDN,FK_ASESORXPROYECTO_PROY_IDN) values ('1','275');
Insert into PROYINT.TB_PRY_ASESORXPROYECTO (FK_ASESORXPROYECTO_USUARIO_IDN,FK_ASESORXPROYECTO_PROY_IDN) values ('1','276');
Insert into PROYINT.TB_PRY_ASESORXPROYECTO (FK_ASESORXPROYECTO_USUARIO_IDN,FK_ASESORXPROYECTO_PROY_IDN) values ('1','277');
Insert into PROYINT.TB_PRY_ASESORXPROYECTO (FK_ASESORXPROYECTO_USUARIO_IDN,FK_ASESORXPROYECTO_PROY_IDN) values ('1','278');
Insert into PROYINT.TB_PRY_ASESORXPROYECTO (FK_ASESORXPROYECTO_USUARIO_IDN,FK_ASESORXPROYECTO_PROY_IDN) values ('1','279');
Insert into PROYINT.TB_PRY_ASESORXPROYECTO (FK_ASESORXPROYECTO_USUARIO_IDN,FK_ASESORXPROYECTO_PROY_IDN) values ('1','284');
Insert into PROYINT.TB_PRY_ASESORXPROYECTO (FK_ASESORXPROYECTO_USUARIO_IDN,FK_ASESORXPROYECTO_PROY_IDN) values ('1','286');
Insert into PROYINT.TB_PRY_ASESORXPROYECTO (FK_ASESORXPROYECTO_USUARIO_IDN,FK_ASESORXPROYECTO_PROY_IDN) values ('1','288');
Insert into PROYINT.TB_PRY_ASESORXPROYECTO (FK_ASESORXPROYECTO_USUARIO_IDN,FK_ASESORXPROYECTO_PROY_IDN) values ('1','294');
Insert into PROYINT.TB_PRY_ASESORXPROYECTO (FK_ASESORXPROYECTO_USUARIO_IDN,FK_ASESORXPROYECTO_PROY_IDN) values ('1','297');
Insert into PROYINT.TB_PRY_ASESORXPROYECTO (FK_ASESORXPROYECTO_USUARIO_IDN,FK_ASESORXPROYECTO_PROY_IDN) values ('1','301');
Insert into PROYINT.TB_PRY_ASESORXPROYECTO (FK_ASESORXPROYECTO_USUARIO_IDN,FK_ASESORXPROYECTO_PROY_IDN) values ('1','302');
Insert into PROYINT.TB_PRY_ASESORXPROYECTO (FK_ASESORXPROYECTO_USUARIO_IDN,FK_ASESORXPROYECTO_PROY_IDN) values ('1','307');
Insert into PROYINT.TB_PRY_ASESORXPROYECTO (FK_ASESORXPROYECTO_USUARIO_IDN,FK_ASESORXPROYECTO_PROY_IDN) values ('1','308');
Insert into PROYINT.TB_PRY_ASESORXPROYECTO (FK_ASESORXPROYECTO_USUARIO_IDN,FK_ASESORXPROYECTO_PROY_IDN) values ('1','310');
Insert into PROYINT.TB_PRY_ASESORXPROYECTO (FK_ASESORXPROYECTO_USUARIO_IDN,FK_ASESORXPROYECTO_PROY_IDN) values ('1','311');
Insert into PROYINT.TB_PRY_ASESORXPROYECTO (FK_ASESORXPROYECTO_USUARIO_IDN,FK_ASESORXPROYECTO_PROY_IDN) values ('1','315');
Insert into PROYINT.TB_PRY_ASESORXPROYECTO (FK_ASESORXPROYECTO_USUARIO_IDN,FK_ASESORXPROYECTO_PROY_IDN) values ('1','317');
Insert into PROYINT.TB_PRY_ASESORXPROYECTO (FK_ASESORXPROYECTO_USUARIO_IDN,FK_ASESORXPROYECTO_PROY_IDN) values ('1','318');
Insert into PROYINT.TB_PRY_ASESORXPROYECTO (FK_ASESORXPROYECTO_USUARIO_IDN,FK_ASESORXPROYECTO_PROY_IDN) values ('1','319');
Insert into PROYINT.TB_PRY_ASESORXPROYECTO (FK_ASESORXPROYECTO_USUARIO_IDN,FK_ASESORXPROYECTO_PROY_IDN) values ('1','320');
Insert into PROYINT.TB_PRY_ASESORXPROYECTO (FK_ASESORXPROYECTO_USUARIO_IDN,FK_ASESORXPROYECTO_PROY_IDN) values ('1','321');
Insert into PROYINT.TB_PRY_ASESORXPROYECTO (FK_ASESORXPROYECTO_USUARIO_IDN,FK_ASESORXPROYECTO_PROY_IDN) values ('1','322');
Insert into PROYINT.TB_PRY_ASESORXPROYECTO (FK_ASESORXPROYECTO_USUARIO_IDN,FK_ASESORXPROYECTO_PROY_IDN) values ('1','323');
Insert into PROYINT.TB_PRY_ASESORXPROYECTO (FK_ASESORXPROYECTO_USUARIO_IDN,FK_ASESORXPROYECTO_PROY_IDN) values ('1','334');
Insert into PROYINT.TB_PRY_ASESORXPROYECTO (FK_ASESORXPROYECTO_USUARIO_IDN,FK_ASESORXPROYECTO_PROY_IDN) values ('1','336');
Insert into PROYINT.TB_PRY_ASESORXPROYECTO (FK_ASESORXPROYECTO_USUARIO_IDN,FK_ASESORXPROYECTO_PROY_IDN) values ('1','337');
Insert into PROYINT.TB_PRY_ASESORXPROYECTO (FK_ASESORXPROYECTO_USUARIO_IDN,FK_ASESORXPROYECTO_PROY_IDN) values ('1','339');
Insert into PROYINT.TB_PRY_ASESORXPROYECTO (FK_ASESORXPROYECTO_USUARIO_IDN,FK_ASESORXPROYECTO_PROY_IDN) values ('1','364');
Insert into PROYINT.TB_PRY_ASESORXPROYECTO (FK_ASESORXPROYECTO_USUARIO_IDN,FK_ASESORXPROYECTO_PROY_IDN) values ('2','122');
Insert into PROYINT.TB_PRY_ASESORXPROYECTO (FK_ASESORXPROYECTO_USUARIO_IDN,FK_ASESORXPROYECTO_PROY_IDN) values ('2','324');
Insert into PROYINT.TB_PRY_ASESORXPROYECTO (FK_ASESORXPROYECTO_USUARIO_IDN,FK_ASESORXPROYECTO_PROY_IDN) values ('2','326');
Insert into PROYINT.TB_PRY_ASESORXPROYECTO (FK_ASESORXPROYECTO_USUARIO_IDN,FK_ASESORXPROYECTO_PROY_IDN) values ('2','327');
Insert into PROYINT.TB_PRY_ASESORXPROYECTO (FK_ASESORXPROYECTO_USUARIO_IDN,FK_ASESORXPROYECTO_PROY_IDN) values ('2','328');
Insert into PROYINT.TB_PRY_ASESORXPROYECTO (FK_ASESORXPROYECTO_USUARIO_IDN,FK_ASESORXPROYECTO_PROY_IDN) values ('2','329');
Insert into PROYINT.TB_PRY_ASESORXPROYECTO (FK_ASESORXPROYECTO_USUARIO_IDN,FK_ASESORXPROYECTO_PROY_IDN) values ('2','331');
Insert into PROYINT.TB_PRY_ASESORXPROYECTO (FK_ASESORXPROYECTO_USUARIO_IDN,FK_ASESORXPROYECTO_PROY_IDN) values ('2','332');
Insert into PROYINT.TB_PRY_ASESORXPROYECTO (FK_ASESORXPROYECTO_USUARIO_IDN,FK_ASESORXPROYECTO_PROY_IDN) values ('2','333');
Insert into PROYINT.TB_PRY_ASESORXPROYECTO (FK_ASESORXPROYECTO_USUARIO_IDN,FK_ASESORXPROYECTO_PROY_IDN) values ('2','338');
Insert into PROYINT.TB_PRY_ASESORXPROYECTO (FK_ASESORXPROYECTO_USUARIO_IDN,FK_ASESORXPROYECTO_PROY_IDN) values ('2','340');
Insert into PROYINT.TB_PRY_ASESORXPROYECTO (FK_ASESORXPROYECTO_USUARIO_IDN,FK_ASESORXPROYECTO_PROY_IDN) values ('2','354');
Insert into PROYINT.TB_PRY_ASESORXPROYECTO (FK_ASESORXPROYECTO_USUARIO_IDN,FK_ASESORXPROYECTO_PROY_IDN) values ('3','61');
Insert into PROYINT.TB_PRY_ASESORXPROYECTO (FK_ASESORXPROYECTO_USUARIO_IDN,FK_ASESORXPROYECTO_PROY_IDN) values ('3','62');
Insert into PROYINT.TB_PRY_ASESORXPROYECTO (FK_ASESORXPROYECTO_USUARIO_IDN,FK_ASESORXPROYECTO_PROY_IDN) values ('3','63');
Insert into PROYINT.TB_PRY_ASESORXPROYECTO (FK_ASESORXPROYECTO_USUARIO_IDN,FK_ASESORXPROYECTO_PROY_IDN) values ('3','101');
Insert into PROYINT.TB_PRY_ASESORXPROYECTO (FK_ASESORXPROYECTO_USUARIO_IDN,FK_ASESORXPROYECTO_PROY_IDN) values ('3','141');
Insert into PROYINT.TB_PRY_ASESORXPROYECTO (FK_ASESORXPROYECTO_USUARIO_IDN,FK_ASESORXPROYECTO_PROY_IDN) values ('3','161');
Insert into PROYINT.TB_PRY_ASESORXPROYECTO (FK_ASESORXPROYECTO_USUARIO_IDN,FK_ASESORXPROYECTO_PROY_IDN) values ('3','174');
Insert into PROYINT.TB_PRY_ASESORXPROYECTO (FK_ASESORXPROYECTO_USUARIO_IDN,FK_ASESORXPROYECTO_PROY_IDN) values ('3','175');
Insert into PROYINT.TB_PRY_ASESORXPROYECTO (FK_ASESORXPROYECTO_USUARIO_IDN,FK_ASESORXPROYECTO_PROY_IDN) values ('3','224');
Insert into PROYINT.TB_PRY_ASESORXPROYECTO (FK_ASESORXPROYECTO_USUARIO_IDN,FK_ASESORXPROYECTO_PROY_IDN) values ('3','225');
Insert into PROYINT.TB_PRY_ASESORXPROYECTO (FK_ASESORXPROYECTO_USUARIO_IDN,FK_ASESORXPROYECTO_PROY_IDN) values ('3','226');
Insert into PROYINT.TB_PRY_ASESORXPROYECTO (FK_ASESORXPROYECTO_USUARIO_IDN,FK_ASESORXPROYECTO_PROY_IDN) values ('3','227');
Insert into PROYINT.TB_PRY_ASESORXPROYECTO (FK_ASESORXPROYECTO_USUARIO_IDN,FK_ASESORXPROYECTO_PROY_IDN) values ('3','228');
Insert into PROYINT.TB_PRY_ASESORXPROYECTO (FK_ASESORXPROYECTO_USUARIO_IDN,FK_ASESORXPROYECTO_PROY_IDN) values ('3','229');
Insert into PROYINT.TB_PRY_ASESORXPROYECTO (FK_ASESORXPROYECTO_USUARIO_IDN,FK_ASESORXPROYECTO_PROY_IDN) values ('3','230');
Insert into PROYINT.TB_PRY_ASESORXPROYECTO (FK_ASESORXPROYECTO_USUARIO_IDN,FK_ASESORXPROYECTO_PROY_IDN) values ('3','236');
Insert into PROYINT.TB_PRY_ASESORXPROYECTO (FK_ASESORXPROYECTO_USUARIO_IDN,FK_ASESORXPROYECTO_PROY_IDN) values ('3','251');
Insert into PROYINT.TB_PRY_ASESORXPROYECTO (FK_ASESORXPROYECTO_USUARIO_IDN,FK_ASESORXPROYECTO_PROY_IDN) values ('3','280');
Insert into PROYINT.TB_PRY_ASESORXPROYECTO (FK_ASESORXPROYECTO_USUARIO_IDN,FK_ASESORXPROYECTO_PROY_IDN) values ('3','281');
Insert into PROYINT.TB_PRY_ASESORXPROYECTO (FK_ASESORXPROYECTO_USUARIO_IDN,FK_ASESORXPROYECTO_PROY_IDN) values ('3','282');
Insert into PROYINT.TB_PRY_ASESORXPROYECTO (FK_ASESORXPROYECTO_USUARIO_IDN,FK_ASESORXPROYECTO_PROY_IDN) values ('5','274');
Insert into PROYINT.TB_PRY_ASESORXPROYECTO (FK_ASESORXPROYECTO_USUARIO_IDN,FK_ASESORXPROYECTO_PROY_IDN) values ('5','349');
Insert into PROYINT.TB_PRY_ASESORXPROYECTO (FK_ASESORXPROYECTO_USUARIO_IDN,FK_ASESORXPROYECTO_PROY_IDN) values ('5','350');
Insert into PROYINT.TB_PRY_ASESORXPROYECTO (FK_ASESORXPROYECTO_USUARIO_IDN,FK_ASESORXPROYECTO_PROY_IDN) values ('5','351');
Insert into PROYINT.TB_PRY_ASESORXPROYECTO (FK_ASESORXPROYECTO_USUARIO_IDN,FK_ASESORXPROYECTO_PROY_IDN) values ('41','264');
Insert into PROYINT.TB_PRY_ASESORXPROYECTO (FK_ASESORXPROYECTO_USUARIO_IDN,FK_ASESORXPROYECTO_PROY_IDN) values ('41','265');
Insert into PROYINT.TB_PRY_ASESORXPROYECTO (FK_ASESORXPROYECTO_USUARIO_IDN,FK_ASESORXPROYECTO_PROY_IDN) values ('41','267');
Insert into PROYINT.TB_PRY_ASESORXPROYECTO (FK_ASESORXPROYECTO_USUARIO_IDN,FK_ASESORXPROYECTO_PROY_IDN) values ('41','283');
Insert into PROYINT.TB_PRY_ASESORXPROYECTO (FK_ASESORXPROYECTO_USUARIO_IDN,FK_ASESORXPROYECTO_PROY_IDN) values ('41','285');
Insert into PROYINT.TB_PRY_ASESORXPROYECTO (FK_ASESORXPROYECTO_USUARIO_IDN,FK_ASESORXPROYECTO_PROY_IDN) values ('41','287');
Insert into PROYINT.TB_PRY_ASESORXPROYECTO (FK_ASESORXPROYECTO_USUARIO_IDN,FK_ASESORXPROYECTO_PROY_IDN) values ('41','289');
Insert into PROYINT.TB_PRY_ASESORXPROYECTO (FK_ASESORXPROYECTO_USUARIO_IDN,FK_ASESORXPROYECTO_PROY_IDN) values ('41','290');
Insert into PROYINT.TB_PRY_ASESORXPROYECTO (FK_ASESORXPROYECTO_USUARIO_IDN,FK_ASESORXPROYECTO_PROY_IDN) values ('41','291');
Insert into PROYINT.TB_PRY_ASESORXPROYECTO (FK_ASESORXPROYECTO_USUARIO_IDN,FK_ASESORXPROYECTO_PROY_IDN) values ('41','292');
Insert into PROYINT.TB_PRY_ASESORXPROYECTO (FK_ASESORXPROYECTO_USUARIO_IDN,FK_ASESORXPROYECTO_PROY_IDN) values ('41','293');
Insert into PROYINT.TB_PRY_ASESORXPROYECTO (FK_ASESORXPROYECTO_USUARIO_IDN,FK_ASESORXPROYECTO_PROY_IDN) values ('41','295');
Insert into PROYINT.TB_PRY_ASESORXPROYECTO (FK_ASESORXPROYECTO_USUARIO_IDN,FK_ASESORXPROYECTO_PROY_IDN) values ('41','296');
Insert into PROYINT.TB_PRY_ASESORXPROYECTO (FK_ASESORXPROYECTO_USUARIO_IDN,FK_ASESORXPROYECTO_PROY_IDN) values ('41','303');
Insert into PROYINT.TB_PRY_ASESORXPROYECTO (FK_ASESORXPROYECTO_USUARIO_IDN,FK_ASESORXPROYECTO_PROY_IDN) values ('41','304');
Insert into PROYINT.TB_PRY_ASESORXPROYECTO (FK_ASESORXPROYECTO_USUARIO_IDN,FK_ASESORXPROYECTO_PROY_IDN) values ('41','305');
Insert into PROYINT.TB_PRY_ASESORXPROYECTO (FK_ASESORXPROYECTO_USUARIO_IDN,FK_ASESORXPROYECTO_PROY_IDN) values ('41','306');
Insert into PROYINT.TB_PRY_ASESORXPROYECTO (FK_ASESORXPROYECTO_USUARIO_IDN,FK_ASESORXPROYECTO_PROY_IDN) values ('41','309');
Insert into PROYINT.TB_PRY_ASESORXPROYECTO (FK_ASESORXPROYECTO_USUARIO_IDN,FK_ASESORXPROYECTO_PROY_IDN) values ('41','312');
Insert into PROYINT.TB_PRY_ASESORXPROYECTO (FK_ASESORXPROYECTO_USUARIO_IDN,FK_ASESORXPROYECTO_PROY_IDN) values ('41','313');
Insert into PROYINT.TB_PRY_ASESORXPROYECTO (FK_ASESORXPROYECTO_USUARIO_IDN,FK_ASESORXPROYECTO_PROY_IDN) values ('41','314');
Insert into PROYINT.TB_PRY_ASESORXPROYECTO (FK_ASESORXPROYECTO_USUARIO_IDN,FK_ASESORXPROYECTO_PROY_IDN) values ('41','316');
Insert into PROYINT.TB_PRY_ASESORXPROYECTO (FK_ASESORXPROYECTO_USUARIO_IDN,FK_ASESORXPROYECTO_PROY_IDN) values ('41','317');
Insert into PROYINT.TB_PRY_ASESORXPROYECTO (FK_ASESORXPROYECTO_USUARIO_IDN,FK_ASESORXPROYECTO_PROY_IDN) values ('41','318');
Insert into PROYINT.TB_PRY_ASESORXPROYECTO (FK_ASESORXPROYECTO_USUARIO_IDN,FK_ASESORXPROYECTO_PROY_IDN) values ('41','319');
Insert into PROYINT.TB_PRY_ASESORXPROYECTO (FK_ASESORXPROYECTO_USUARIO_IDN,FK_ASESORXPROYECTO_PROY_IDN) values ('41','320');
Insert into PROYINT.TB_PRY_ASESORXPROYECTO (FK_ASESORXPROYECTO_USUARIO_IDN,FK_ASESORXPROYECTO_PROY_IDN) values ('41','321');
Insert into PROYINT.TB_PRY_ASESORXPROYECTO (FK_ASESORXPROYECTO_USUARIO_IDN,FK_ASESORXPROYECTO_PROY_IDN) values ('41','322');
Insert into PROYINT.TB_PRY_ASESORXPROYECTO (FK_ASESORXPROYECTO_USUARIO_IDN,FK_ASESORXPROYECTO_PROY_IDN) values ('41','323');
Insert into PROYINT.TB_PRY_ASESORXPROYECTO (FK_ASESORXPROYECTO_USUARIO_IDN,FK_ASESORXPROYECTO_PROY_IDN) values ('41','324');
Insert into PROYINT.TB_PRY_ASESORXPROYECTO (FK_ASESORXPROYECTO_USUARIO_IDN,FK_ASESORXPROYECTO_PROY_IDN) values ('41','325');
Insert into PROYINT.TB_PRY_ASESORXPROYECTO (FK_ASESORXPROYECTO_USUARIO_IDN,FK_ASESORXPROYECTO_PROY_IDN) values ('41','330');
Insert into PROYINT.TB_PRY_ASESORXPROYECTO (FK_ASESORXPROYECTO_USUARIO_IDN,FK_ASESORXPROYECTO_PROY_IDN) values ('41','331');
Insert into PROYINT.TB_PRY_ASESORXPROYECTO (FK_ASESORXPROYECTO_USUARIO_IDN,FK_ASESORXPROYECTO_PROY_IDN) values ('41','332');
Insert into PROYINT.TB_PRY_ASESORXPROYECTO (FK_ASESORXPROYECTO_USUARIO_IDN,FK_ASESORXPROYECTO_PROY_IDN) values ('41','333');
Insert into PROYINT.TB_PRY_ASESORXPROYECTO (FK_ASESORXPROYECTO_USUARIO_IDN,FK_ASESORXPROYECTO_PROY_IDN) values ('41','334');
Insert into PROYINT.TB_PRY_ASESORXPROYECTO (FK_ASESORXPROYECTO_USUARIO_IDN,FK_ASESORXPROYECTO_PROY_IDN) values ('41','335');
Insert into PROYINT.TB_PRY_ASESORXPROYECTO (FK_ASESORXPROYECTO_USUARIO_IDN,FK_ASESORXPROYECTO_PROY_IDN) values ('41','336');
Insert into PROYINT.TB_PRY_ASESORXPROYECTO (FK_ASESORXPROYECTO_USUARIO_IDN,FK_ASESORXPROYECTO_PROY_IDN) values ('41','337');
Insert into PROYINT.TB_PRY_ASESORXPROYECTO (FK_ASESORXPROYECTO_USUARIO_IDN,FK_ASESORXPROYECTO_PROY_IDN) values ('41','338');
Insert into PROYINT.TB_PRY_ASESORXPROYECTO (FK_ASESORXPROYECTO_USUARIO_IDN,FK_ASESORXPROYECTO_PROY_IDN) values ('41','339');
Insert into PROYINT.TB_PRY_ASESORXPROYECTO (FK_ASESORXPROYECTO_USUARIO_IDN,FK_ASESORXPROYECTO_PROY_IDN) values ('41','340');
Insert into PROYINT.TB_PRY_ASESORXPROYECTO (FK_ASESORXPROYECTO_USUARIO_IDN,FK_ASESORXPROYECTO_PROY_IDN) values ('41','341');
Insert into PROYINT.TB_PRY_ASESORXPROYECTO (FK_ASESORXPROYECTO_USUARIO_IDN,FK_ASESORXPROYECTO_PROY_IDN) values ('41','342');
Insert into PROYINT.TB_PRY_ASESORXPROYECTO (FK_ASESORXPROYECTO_USUARIO_IDN,FK_ASESORXPROYECTO_PROY_IDN) values ('41','343');
Insert into PROYINT.TB_PRY_ASESORXPROYECTO (FK_ASESORXPROYECTO_USUARIO_IDN,FK_ASESORXPROYECTO_PROY_IDN) values ('41','344');
Insert into PROYINT.TB_PRY_ASESORXPROYECTO (FK_ASESORXPROYECTO_USUARIO_IDN,FK_ASESORXPROYECTO_PROY_IDN) values ('41','345');
Insert into PROYINT.TB_PRY_ASESORXPROYECTO (FK_ASESORXPROYECTO_USUARIO_IDN,FK_ASESORXPROYECTO_PROY_IDN) values ('41','346');
Insert into PROYINT.TB_PRY_ASESORXPROYECTO (FK_ASESORXPROYECTO_USUARIO_IDN,FK_ASESORXPROYECTO_PROY_IDN) values ('41','347');
Insert into PROYINT.TB_PRY_ASESORXPROYECTO (FK_ASESORXPROYECTO_USUARIO_IDN,FK_ASESORXPROYECTO_PROY_IDN) values ('41','348');
Insert into PROYINT.TB_PRY_ASESORXPROYECTO (FK_ASESORXPROYECTO_USUARIO_IDN,FK_ASESORXPROYECTO_PROY_IDN) values ('41','352');
Insert into PROYINT.TB_PRY_ASESORXPROYECTO (FK_ASESORXPROYECTO_USUARIO_IDN,FK_ASESORXPROYECTO_PROY_IDN) values ('41','353');
Insert into PROYINT.TB_PRY_ASESORXPROYECTO (FK_ASESORXPROYECTO_USUARIO_IDN,FK_ASESORXPROYECTO_PROY_IDN) values ('41','354');
Insert into PROYINT.TB_PRY_ASESORXPROYECTO (FK_ASESORXPROYECTO_USUARIO_IDN,FK_ASESORXPROYECTO_PROY_IDN) values ('41','355');
Insert into PROYINT.TB_PRY_ASESORXPROYECTO (FK_ASESORXPROYECTO_USUARIO_IDN,FK_ASESORXPROYECTO_PROY_IDN) values ('41','364');
Insert into PROYINT.TB_PRY_ASESORXPROYECTO (FK_ASESORXPROYECTO_USUARIO_IDN,FK_ASESORXPROYECTO_PROY_IDN) values ('41','365');
REM INSERTING into PROYINT.TB_PRY_ESTADOS
SET DEFINE OFF;
Insert into PROYINT.TB_PRY_ESTADOS (NB_IDN,VR_NOMBRE,VR_ADT_USUARIO,VR_ADT_FECHA) values ('1','Abierto','carlos.rodriguez',to_date('10/01/16','DD/MM/RR'));
Insert into PROYINT.TB_PRY_ESTADOS (NB_IDN,VR_NOMBRE,VR_ADT_USUARIO,VR_ADT_FECHA) values ('2','En proceso','carlos.rodriguez',to_date('10/01/16','DD/MM/RR'));
Insert into PROYINT.TB_PRY_ESTADOS (NB_IDN,VR_NOMBRE,VR_ADT_USUARIO,VR_ADT_FECHA) values ('3','Suspendido','carlos.rodriguez',to_date('10/01/16','DD/MM/RR'));
Insert into PROYINT.TB_PRY_ESTADOS (NB_IDN,VR_NOMBRE,VR_ADT_USUARIO,VR_ADT_FECHA) values ('4','Cancelado','carlos.rodriguez',to_date('10/01/16','DD/MM/RR'));
Insert into PROYINT.TB_PRY_ESTADOS (NB_IDN,VR_NOMBRE,VR_ADT_USUARIO,VR_ADT_FECHA) values ('5','Vencido','carlos.rodriguez',to_date('10/01/16','DD/MM/RR'));
Insert into PROYINT.TB_PRY_ESTADOS (NB_IDN,VR_NOMBRE,VR_ADT_USUARIO,VR_ADT_FECHA) values ('6','Finalizado','carlos.rodriguez',to_date('10/01/16','DD/MM/RR'));
REM INSERTING into PROYINT.TB_PRY_ESTADOSACTIVIDAD
SET DEFINE OFF;
REM INSERTING into PROYINT.TB_PRY_MODALIDADES
SET DEFINE OFF;
Insert into PROYINT.TB_PRY_MODALIDADES (NB_IDN,VR_NOMBRE,VR_ADT_USUARIO,DT_ADT_FECHA) values ('1','Presencial','hader.pelaez',to_date('15/12/15','DD/MM/RR'));
Insert into PROYINT.TB_PRY_MODALIDADES (NB_IDN,VR_NOMBRE,VR_ADT_USUARIO,DT_ADT_FECHA) values ('2','Ude@','hader.pelaez',to_date('15/12/15','DD/MM/RR'));
Insert into PROYINT.TB_PRY_MODALIDADES (NB_IDN,VR_NOMBRE,VR_ADT_USUARIO,DT_ADT_FECHA) values ('3','Regionalización','hader.pelaez',to_date('15/12/15','DD/MM/RR'));
REM INSERTING into PROYINT.TB_PRY_OBJETIVOS_ESPECIFICOS
SET DEFINE OFF;
Insert into PROYINT.TB_PRY_OBJETIVOS_ESPECIFICOS (NB_IDN,VR_DESCRIPCION,VR_ADT_USUARIO,VR_ESTADO,DT_ADT_FECHA,NB_PORCENTAJE,FK_OBJESP_PROYECTO_IDN) values ('3','obj esp 1','carlos.rodriguez','Abierto',to_date('18/01/16','DD/MM/RR'),'60','43');
Insert into PROYINT.TB_PRY_OBJETIVOS_ESPECIFICOS (NB_IDN,VR_DESCRIPCION,VR_ADT_USUARIO,VR_ESTADO,DT_ADT_FECHA,NB_PORCENTAJE,FK_OBJESP_PROYECTO_IDN) values ('4','obj esp 2','carlos.rodriguez','Abierto',to_date('18/01/16','DD/MM/RR'),'40','43');
Insert into PROYINT.TB_PRY_OBJETIVOS_ESPECIFICOS (NB_IDN,VR_DESCRIPCION,VR_ADT_USUARIO,VR_ESTADO,DT_ADT_FECHA,NB_PORCENTAJE,FK_OBJESP_PROYECTO_IDN) values ('21','obj esp 1','carlos.rodriguez','Abierto',to_date('19/01/16','DD/MM/RR'),'100','61');
Insert into PROYINT.TB_PRY_OBJETIVOS_ESPECIFICOS (NB_IDN,VR_DESCRIPCION,VR_ADT_USUARIO,VR_ESTADO,DT_ADT_FECHA,NB_PORCENTAJE,FK_OBJESP_PROYECTO_IDN) values ('22','obj esp 1','carlos.rodriguez','Abierto',to_date('19/01/16','DD/MM/RR'),'100','62');
Insert into PROYINT.TB_PRY_OBJETIVOS_ESPECIFICOS (NB_IDN,VR_DESCRIPCION,VR_ADT_USUARIO,VR_ESTADO,DT_ADT_FECHA,NB_PORCENTAJE,FK_OBJESP_PROYECTO_IDN) values ('23','obj espe','carlos.rodriguez','Abierto',to_date('19/01/16','DD/MM/RR'),'100','63');
Insert into PROYINT.TB_PRY_OBJETIVOS_ESPECIFICOS (NB_IDN,VR_DESCRIPCION,VR_ADT_USUARIO,VR_ESTADO,DT_ADT_FECHA,NB_PORCENTAJE,FK_OBJESP_PROYECTO_IDN) values ('41','obj esp','carlos.rodriguez','Abierto',to_date('23/01/16','DD/MM/RR'),'100','81');
Insert into PROYINT.TB_PRY_OBJETIVOS_ESPECIFICOS (NB_IDN,VR_DESCRIPCION,VR_ADT_USUARIO,VR_ESTADO,DT_ADT_FECHA,NB_PORCENTAJE,FK_OBJESP_PROYECTO_IDN) values ('61','obj esp completo','carlos.rodriguez','Abierto',to_date('26/01/16','DD/MM/RR'),'100','101');
Insert into PROYINT.TB_PRY_OBJETIVOS_ESPECIFICOS (NB_IDN,VR_DESCRIPCION,VR_ADT_USUARIO,VR_ESTADO,DT_ADT_FECHA,NB_PORCENTAJE,FK_OBJESP_PROYECTO_IDN) values ('82','obj1 que funcione bien','hader.pelaez','Abierto',to_date('06/02/16','DD/MM/RR'),'100','122');
Insert into PROYINT.TB_PRY_OBJETIVOS_ESPECIFICOS (NB_IDN,VR_DESCRIPCION,VR_ADT_USUARIO,VR_ESTADO,DT_ADT_FECHA,NB_PORCENTAJE,FK_OBJESP_PROYECTO_IDN) values ('84','obj esp 1','carlos.rodriguez','Abierto',to_date('06/02/16','DD/MM/RR'),'100','124');
Insert into PROYINT.TB_PRY_OBJETIVOS_ESPECIFICOS (NB_IDN,VR_DESCRIPCION,VR_ADT_USUARIO,VR_ESTADO,DT_ADT_FECHA,NB_PORCENTAJE,FK_OBJESP_PROYECTO_IDN) values ('101','obje ','carlos.rodriguez','Abierto',to_date('20/02/16','DD/MM/RR'),'100','141');
Insert into PROYINT.TB_PRY_OBJETIVOS_ESPECIFICOS (NB_IDN,VR_DESCRIPCION,VR_ADT_USUARIO,VR_ESTADO,DT_ADT_FECHA,NB_PORCENTAJE,FK_OBJESP_PROYECTO_IDN) values ('121','objet','carlos.rodriguez','Abierto',to_date('20/02/16','DD/MM/RR'),'99','161');
Insert into PROYINT.TB_PRY_OBJETIVOS_ESPECIFICOS (NB_IDN,VR_DESCRIPCION,VR_ADT_USUARIO,VR_ESTADO,DT_ADT_FECHA,NB_PORCENTAJE,FK_OBJESP_PROYECTO_IDN) values ('122','obj esp','carlos.rodriguez','Abierto',to_date('20/02/16','DD/MM/RR'),'1','161');
Insert into PROYINT.TB_PRY_OBJETIVOS_ESPECIFICOS (NB_IDN,VR_DESCRIPCION,VR_ADT_USUARIO,VR_ESTADO,DT_ADT_FECHA,NB_PORCENTAJE,FK_OBJESP_PROYECTO_IDN) values ('123','Obje Especifico','andresf.valencia','Abierto',to_date('25/02/16','DD/MM/RR'),'99','162');
Insert into PROYINT.TB_PRY_OBJETIVOS_ESPECIFICOS (NB_IDN,VR_DESCRIPCION,VR_ADT_USUARIO,VR_ESTADO,DT_ADT_FECHA,NB_PORCENTAJE,FK_OBJESP_PROYECTO_IDN) values ('124','Obje Especifico 2','andresf.valencia','Abierto',to_date('25/02/16','DD/MM/RR'),'1','162');
Insert into PROYINT.TB_PRY_OBJETIVOS_ESPECIFICOS (NB_IDN,VR_DESCRIPCION,VR_ADT_USUARIO,VR_ESTADO,DT_ADT_FECHA,NB_PORCENTAJE,FK_OBJESP_PROYECTO_IDN) values ('125','Objetivo','andresf.valencia','Abierto',to_date('25/02/16','DD/MM/RR'),'99','163');
Insert into PROYINT.TB_PRY_OBJETIVOS_ESPECIFICOS (NB_IDN,VR_DESCRIPCION,VR_ADT_USUARIO,VR_ESTADO,DT_ADT_FECHA,NB_PORCENTAJE,FK_OBJESP_PROYECTO_IDN) values ('126','Objetivo','andresf.valencia','Abierto',to_date('25/02/16','DD/MM/RR'),'1','163');
Insert into PROYINT.TB_PRY_OBJETIVOS_ESPECIFICOS (NB_IDN,VR_DESCRIPCION,VR_ADT_USUARIO,VR_ESTADO,DT_ADT_FECHA,NB_PORCENTAJE,FK_OBJESP_PROYECTO_IDN) values ('127','Objetivo Especifico','andresf.valencia','Abierto',to_date('27/02/16','DD/MM/RR'),'100','164');
Insert into PROYINT.TB_PRY_OBJETIVOS_ESPECIFICOS (NB_IDN,VR_DESCRIPCION,VR_ADT_USUARIO,VR_ESTADO,DT_ADT_FECHA,NB_PORCENTAJE,FK_OBJESP_PROYECTO_IDN) values ('128','Objetivo Especifico','andresf.valencia','Abierto',to_date('27/02/16','DD/MM/RR'),'100','165');
Insert into PROYINT.TB_PRY_OBJETIVOS_ESPECIFICOS (NB_IDN,VR_DESCRIPCION,VR_ADT_USUARIO,VR_ESTADO,DT_ADT_FECHA,NB_PORCENTAJE,FK_OBJESP_PROYECTO_IDN) values ('129','Objetivo Especifico','andresf.valencia','Abierto',to_date('27/02/16','DD/MM/RR'),'100','166');
Insert into PROYINT.TB_PRY_OBJETIVOS_ESPECIFICOS (NB_IDN,VR_DESCRIPCION,VR_ADT_USUARIO,VR_ESTADO,DT_ADT_FECHA,NB_PORCENTAJE,FK_OBJESP_PROYECTO_IDN) values ('130','Objetivo Especifico','andresf.valencia','Abierto',to_date('27/02/16','DD/MM/RR'),'100','167');
Insert into PROYINT.TB_PRY_OBJETIVOS_ESPECIFICOS (NB_IDN,VR_DESCRIPCION,VR_ADT_USUARIO,VR_ESTADO,DT_ADT_FECHA,NB_PORCENTAJE,FK_OBJESP_PROYECTO_IDN) values ('131','Objetivo Especifico','andresf.valencia','Abierto',to_date('27/02/16','DD/MM/RR'),'100','168');
Insert into PROYINT.TB_PRY_OBJETIVOS_ESPECIFICOS (NB_IDN,VR_DESCRIPCION,VR_ADT_USUARIO,VR_ESTADO,DT_ADT_FECHA,NB_PORCENTAJE,FK_OBJESP_PROYECTO_IDN) values ('132','Objetivo Especifico','andresf.valencia','Abierto',to_date('27/02/16','DD/MM/RR'),'100','169');


REM INSERTING into PROYINT.TB_PRY_PARTICIPANTEXPROYECTO
SET DEFINE OFF;
Insert into PROYINT.TB_PRY_PARTICIPANTEXPROYECTO (FK_PARTICIPXPROY_USUARIO_IDN,FK_PARTICIPXPROY_PROY_IDN) values ('1','43');
Insert into PROYINT.TB_PRY_PARTICIPANTEXPROYECTO (FK_PARTICIPXPROY_USUARIO_IDN,FK_PARTICIPXPROY_PROY_IDN) values ('1','61');
Insert into PROYINT.TB_PRY_PARTICIPANTEXPROYECTO (FK_PARTICIPXPROY_USUARIO_IDN,FK_PARTICIPXPROY_PROY_IDN) values ('1','62');
Insert into PROYINT.TB_PRY_PARTICIPANTEXPROYECTO (FK_PARTICIPXPROY_USUARIO_IDN,FK_PARTICIPXPROY_PROY_IDN) values ('1','63');
Insert into PROYINT.TB_PRY_PARTICIPANTEXPROYECTO (FK_PARTICIPXPROY_USUARIO_IDN,FK_PARTICIPXPROY_PROY_IDN) values ('1','101');
Insert into PROYINT.TB_PRY_PARTICIPANTEXPROYECTO (FK_PARTICIPXPROY_USUARIO_IDN,FK_PARTICIPXPROY_PROY_IDN) values ('1','141');
Insert into PROYINT.TB_PRY_PARTICIPANTEXPROYECTO (FK_PARTICIPXPROY_USUARIO_IDN,FK_PARTICIPXPROY_PROY_IDN) values ('1','161');
Insert into PROYINT.TB_PRY_PARTICIPANTEXPROYECTO (FK_PARTICIPXPROY_USUARIO_IDN,FK_PARTICIPXPROY_PROY_IDN) values ('1','174');
Insert into PROYINT.TB_PRY_PARTICIPANTEXPROYECTO (FK_PARTICIPXPROY_USUARIO_IDN,FK_PARTICIPXPROY_PROY_IDN) values ('1','175');
Insert into PROYINT.TB_PRY_PARTICIPANTEXPROYECTO (FK_PARTICIPXPROY_USUARIO_IDN,FK_PARTICIPXPROY_PROY_IDN) values ('1','224');
Insert into PROYINT.TB_PRY_PARTICIPANTEXPROYECTO (FK_PARTICIPXPROY_USUARIO_IDN,FK_PARTICIPXPROY_PROY_IDN) values ('1','225');
Insert into PROYINT.TB_PRY_PARTICIPANTEXPROYECTO (FK_PARTICIPXPROY_USUARIO_IDN,FK_PARTICIPXPROY_PROY_IDN) values ('1','226');
Insert into PROYINT.TB_PRY_PARTICIPANTEXPROYECTO (FK_PARTICIPXPROY_USUARIO_IDN,FK_PARTICIPXPROY_PROY_IDN) values ('1','227');
Insert into PROYINT.TB_PRY_PARTICIPANTEXPROYECTO (FK_PARTICIPXPROY_USUARIO_IDN,FK_PARTICIPXPROY_PROY_IDN) values ('1','228');
Insert into PROYINT.TB_PRY_PARTICIPANTEXPROYECTO (FK_PARTICIPXPROY_USUARIO_IDN,FK_PARTICIPXPROY_PROY_IDN) values ('1','229');
Insert into PROYINT.TB_PRY_PARTICIPANTEXPROYECTO (FK_PARTICIPXPROY_USUARIO_IDN,FK_PARTICIPXPROY_PROY_IDN) values ('1','230');
Insert into PROYINT.TB_PRY_PARTICIPANTEXPROYECTO (FK_PARTICIPXPROY_USUARIO_IDN,FK_PARTICIPXPROY_PROY_IDN) values ('1','236');
Insert into PROYINT.TB_PRY_PARTICIPANTEXPROYECTO (FK_PARTICIPXPROY_USUARIO_IDN,FK_PARTICIPXPROY_PROY_IDN) values ('1','251');
Insert into PROYINT.TB_PRY_PARTICIPANTEXPROYECTO (FK_PARTICIPXPROY_USUARIO_IDN,FK_PARTICIPXPROY_PROY_IDN) values ('1','264');
Insert into PROYINT.TB_PRY_PARTICIPANTEXPROYECTO (FK_PARTICIPXPROY_USUARIO_IDN,FK_PARTICIPXPROY_PROY_IDN) values ('1','265');
Insert into PROYINT.TB_PRY_PARTICIPANTEXPROYECTO (FK_PARTICIPXPROY_USUARIO_IDN,FK_PARTICIPXPROY_PROY_IDN) values ('1','267');
Insert into PROYINT.TB_PRY_PARTICIPANTEXPROYECTO (FK_PARTICIPXPROY_USUARIO_IDN,FK_PARTICIPXPROY_PROY_IDN) values ('1','280');
Insert into PROYINT.TB_PRY_PARTICIPANTEXPROYECTO (FK_PARTICIPXPROY_USUARIO_IDN,FK_PARTICIPXPROY_PROY_IDN) values ('1','283');
Insert into PROYINT.TB_PRY_PARTICIPANTEXPROYECTO (FK_PARTICIPXPROY_USUARIO_IDN,FK_PARTICIPXPROY_PROY_IDN) values ('1','285');
Insert into PROYINT.TB_PRY_PARTICIPANTEXPROYECTO (FK_PARTICIPXPROY_USUARIO_IDN,FK_PARTICIPXPROY_PROY_IDN) values ('1','287');
Insert into PROYINT.TB_PRY_PARTICIPANTEXPROYECTO (FK_PARTICIPXPROY_USUARIO_IDN,FK_PARTICIPXPROY_PROY_IDN) values ('1','289');
Insert into PROYINT.TB_PRY_PARTICIPANTEXPROYECTO (FK_PARTICIPXPROY_USUARIO_IDN,FK_PARTICIPXPROY_PROY_IDN) values ('1','290');
Insert into PROYINT.TB_PRY_PARTICIPANTEXPROYECTO (FK_PARTICIPXPROY_USUARIO_IDN,FK_PARTICIPXPROY_PROY_IDN) values ('1','291');
Insert into PROYINT.TB_PRY_PARTICIPANTEXPROYECTO (FK_PARTICIPXPROY_USUARIO_IDN,FK_PARTICIPXPROY_PROY_IDN) values ('1','292');
Insert into PROYINT.TB_PRY_PARTICIPANTEXPROYECTO (FK_PARTICIPXPROY_USUARIO_IDN,FK_PARTICIPXPROY_PROY_IDN) values ('1','293');
Insert into PROYINT.TB_PRY_PARTICIPANTEXPROYECTO (FK_PARTICIPXPROY_USUARIO_IDN,FK_PARTICIPXPROY_PROY_IDN) values ('1','295');
Insert into PROYINT.TB_PRY_PARTICIPANTEXPROYECTO (FK_PARTICIPXPROY_USUARIO_IDN,FK_PARTICIPXPROY_PROY_IDN) values ('1','296');
Insert into PROYINT.TB_PRY_PARTICIPANTEXPROYECTO (FK_PARTICIPXPROY_USUARIO_IDN,FK_PARTICIPXPROY_PROY_IDN) values ('1','303');
Insert into PROYINT.TB_PRY_PARTICIPANTEXPROYECTO (FK_PARTICIPXPROY_USUARIO_IDN,FK_PARTICIPXPROY_PROY_IDN) values ('1','305');
Insert into PROYINT.TB_PRY_PARTICIPANTEXPROYECTO (FK_PARTICIPXPROY_USUARIO_IDN,FK_PARTICIPXPROY_PROY_IDN) values ('1','306');
Insert into PROYINT.TB_PRY_PARTICIPANTEXPROYECTO (FK_PARTICIPXPROY_USUARIO_IDN,FK_PARTICIPXPROY_PROY_IDN) values ('1','309');
Insert into PROYINT.TB_PRY_PARTICIPANTEXPROYECTO (FK_PARTICIPXPROY_USUARIO_IDN,FK_PARTICIPXPROY_PROY_IDN) values ('1','312');
Insert into PROYINT.TB_PRY_PARTICIPANTEXPROYECTO (FK_PARTICIPXPROY_USUARIO_IDN,FK_PARTICIPXPROY_PROY_IDN) values ('1','313');
Insert into PROYINT.TB_PRY_PARTICIPANTEXPROYECTO (FK_PARTICIPXPROY_USUARIO_IDN,FK_PARTICIPXPROY_PROY_IDN) values ('1','314');
Insert into PROYINT.TB_PRY_PARTICIPANTEXPROYECTO (FK_PARTICIPXPROY_USUARIO_IDN,FK_PARTICIPXPROY_PROY_IDN) values ('1','316');
Insert into PROYINT.TB_PRY_PARTICIPANTEXPROYECTO (FK_PARTICIPXPROY_USUARIO_IDN,FK_PARTICIPXPROY_PROY_IDN) values ('1','324');
Insert into PROYINT.TB_PRY_PARTICIPANTEXPROYECTO (FK_PARTICIPXPROY_USUARIO_IDN,FK_PARTICIPXPROY_PROY_IDN) values ('1','325');
Insert into PROYINT.TB_PRY_PARTICIPANTEXPROYECTO (FK_PARTICIPXPROY_USUARIO_IDN,FK_PARTICIPXPROY_PROY_IDN) values ('1','326');
Insert into PROYINT.TB_PRY_PARTICIPANTEXPROYECTO (FK_PARTICIPXPROY_USUARIO_IDN,FK_PARTICIPXPROY_PROY_IDN) values ('1','327');
Insert into PROYINT.TB_PRY_PARTICIPANTEXPROYECTO (FK_PARTICIPXPROY_USUARIO_IDN,FK_PARTICIPXPROY_PROY_IDN) values ('1','328');
Insert into PROYINT.TB_PRY_PARTICIPANTEXPROYECTO (FK_PARTICIPXPROY_USUARIO_IDN,FK_PARTICIPXPROY_PROY_IDN) values ('1','329');
Insert into PROYINT.TB_PRY_PARTICIPANTEXPROYECTO (FK_PARTICIPXPROY_USUARIO_IDN,FK_PARTICIPXPROY_PROY_IDN) values ('1','330');
Insert into PROYINT.TB_PRY_PARTICIPANTEXPROYECTO (FK_PARTICIPXPROY_USUARIO_IDN,FK_PARTICIPXPROY_PROY_IDN) values ('1','331');
Insert into PROYINT.TB_PRY_PARTICIPANTEXPROYECTO (FK_PARTICIPXPROY_USUARIO_IDN,FK_PARTICIPXPROY_PROY_IDN) values ('1','332');
Insert into PROYINT.TB_PRY_PARTICIPANTEXPROYECTO (FK_PARTICIPXPROY_USUARIO_IDN,FK_PARTICIPXPROY_PROY_IDN) values ('1','333');
Insert into PROYINT.TB_PRY_PARTICIPANTEXPROYECTO (FK_PARTICIPXPROY_USUARIO_IDN,FK_PARTICIPXPROY_PROY_IDN) values ('1','338');
Insert into PROYINT.TB_PRY_PARTICIPANTEXPROYECTO (FK_PARTICIPXPROY_USUARIO_IDN,FK_PARTICIPXPROY_PROY_IDN) values ('1','340');
Insert into PROYINT.TB_PRY_PARTICIPANTEXPROYECTO (FK_PARTICIPXPROY_USUARIO_IDN,FK_PARTICIPXPROY_PROY_IDN) values ('1','341');
Insert into PROYINT.TB_PRY_PARTICIPANTEXPROYECTO (FK_PARTICIPXPROY_USUARIO_IDN,FK_PARTICIPXPROY_PROY_IDN) values ('1','342');
Insert into PROYINT.TB_PRY_PARTICIPANTEXPROYECTO (FK_PARTICIPXPROY_USUARIO_IDN,FK_PARTICIPXPROY_PROY_IDN) values ('1','354');
Insert into PROYINT.TB_PRY_PARTICIPANTEXPROYECTO (FK_PARTICIPXPROY_USUARIO_IDN,FK_PARTICIPXPROY_PROY_IDN) values ('1','355');
Insert into PROYINT.TB_PRY_PARTICIPANTEXPROYECTO (FK_PARTICIPXPROY_USUARIO_IDN,FK_PARTICIPXPROY_PROY_IDN) values ('1','365');
Insert into PROYINT.TB_PRY_PARTICIPANTEXPROYECTO (FK_PARTICIPXPROY_USUARIO_IDN,FK_PARTICIPXPROY_PROY_IDN) values ('2','256');
Insert into PROYINT.TB_PRY_PARTICIPANTEXPROYECTO (FK_PARTICIPXPROY_USUARIO_IDN,FK_PARTICIPXPROY_PROY_IDN) values ('2','272');
Insert into PROYINT.TB_PRY_PARTICIPANTEXPROYECTO (FK_PARTICIPXPROY_USUARIO_IDN,FK_PARTICIPXPROY_PROY_IDN) values ('2','273');
Insert into PROYINT.TB_PRY_PARTICIPANTEXPROYECTO (FK_PARTICIPXPROY_USUARIO_IDN,FK_PARTICIPXPROY_PROY_IDN) values ('2','274');
Insert into PROYINT.TB_PRY_PARTICIPANTEXPROYECTO (FK_PARTICIPXPROY_USUARIO_IDN,FK_PARTICIPXPROY_PROY_IDN) values ('2','317');
Insert into PROYINT.TB_PRY_PARTICIPANTEXPROYECTO (FK_PARTICIPXPROY_USUARIO_IDN,FK_PARTICIPXPROY_PROY_IDN) values ('2','318');
Insert into PROYINT.TB_PRY_PARTICIPANTEXPROYECTO (FK_PARTICIPXPROY_USUARIO_IDN,FK_PARTICIPXPROY_PROY_IDN) values ('2','319');
Insert into PROYINT.TB_PRY_PARTICIPANTEXPROYECTO (FK_PARTICIPXPROY_USUARIO_IDN,FK_PARTICIPXPROY_PROY_IDN) values ('2','320');
Insert into PROYINT.TB_PRY_PARTICIPANTEXPROYECTO (FK_PARTICIPXPROY_USUARIO_IDN,FK_PARTICIPXPROY_PROY_IDN) values ('2','321');
Insert into PROYINT.TB_PRY_PARTICIPANTEXPROYECTO (FK_PARTICIPXPROY_USUARIO_IDN,FK_PARTICIPXPROY_PROY_IDN) values ('2','322');
Insert into PROYINT.TB_PRY_PARTICIPANTEXPROYECTO (FK_PARTICIPXPROY_USUARIO_IDN,FK_PARTICIPXPROY_PROY_IDN) values ('2','323');
Insert into PROYINT.TB_PRY_PARTICIPANTEXPROYECTO (FK_PARTICIPXPROY_USUARIO_IDN,FK_PARTICIPXPROY_PROY_IDN) values ('2','334');
Insert into PROYINT.TB_PRY_PARTICIPANTEXPROYECTO (FK_PARTICIPXPROY_USUARIO_IDN,FK_PARTICIPXPROY_PROY_IDN) values ('2','335');
Insert into PROYINT.TB_PRY_PARTICIPANTEXPROYECTO (FK_PARTICIPXPROY_USUARIO_IDN,FK_PARTICIPXPROY_PROY_IDN) values ('2','336');
Insert into PROYINT.TB_PRY_PARTICIPANTEXPROYECTO (FK_PARTICIPXPROY_USUARIO_IDN,FK_PARTICIPXPROY_PROY_IDN) values ('2','337');
Insert into PROYINT.TB_PRY_PARTICIPANTEXPROYECTO (FK_PARTICIPXPROY_USUARIO_IDN,FK_PARTICIPXPROY_PROY_IDN) values ('2','339');
Insert into PROYINT.TB_PRY_PARTICIPANTEXPROYECTO (FK_PARTICIPXPROY_USUARIO_IDN,FK_PARTICIPXPROY_PROY_IDN) values ('2','343');
Insert into PROYINT.TB_PRY_PARTICIPANTEXPROYECTO (FK_PARTICIPXPROY_USUARIO_IDN,FK_PARTICIPXPROY_PROY_IDN) values ('2','344');
Insert into PROYINT.TB_PRY_PARTICIPANTEXPROYECTO (FK_PARTICIPXPROY_USUARIO_IDN,FK_PARTICIPXPROY_PROY_IDN) values ('2','345');
Insert into PROYINT.TB_PRY_PARTICIPANTEXPROYECTO (FK_PARTICIPXPROY_USUARIO_IDN,FK_PARTICIPXPROY_PROY_IDN) values ('2','346');
Insert into PROYINT.TB_PRY_PARTICIPANTEXPROYECTO (FK_PARTICIPXPROY_USUARIO_IDN,FK_PARTICIPXPROY_PROY_IDN) values ('2','347');
Insert into PROYINT.TB_PRY_PARTICIPANTEXPROYECTO (FK_PARTICIPXPROY_USUARIO_IDN,FK_PARTICIPXPROY_PROY_IDN) values ('2','348');
Insert into PROYINT.TB_PRY_PARTICIPANTEXPROYECTO (FK_PARTICIPXPROY_USUARIO_IDN,FK_PARTICIPXPROY_PROY_IDN) values ('2','352');
Insert into PROYINT.TB_PRY_PARTICIPANTEXPROYECTO (FK_PARTICIPXPROY_USUARIO_IDN,FK_PARTICIPXPROY_PROY_IDN) values ('2','353');
Insert into PROYINT.TB_PRY_PARTICIPANTEXPROYECTO (FK_PARTICIPXPROY_USUARIO_IDN,FK_PARTICIPXPROY_PROY_IDN) values ('2','364');
Insert into PROYINT.TB_PRY_PARTICIPANTEXPROYECTO (FK_PARTICIPXPROY_USUARIO_IDN,FK_PARTICIPXPROY_PROY_IDN) values ('3','81');
Insert into PROYINT.TB_PRY_PARTICIPANTEXPROYECTO (FK_PARTICIPXPROY_USUARIO_IDN,FK_PARTICIPXPROY_PROY_IDN) values ('3','122');
Insert into PROYINT.TB_PRY_PARTICIPANTEXPROYECTO (FK_PARTICIPXPROY_USUARIO_IDN,FK_PARTICIPXPROY_PROY_IDN) values ('3','124');
Insert into PROYINT.TB_PRY_PARTICIPANTEXPROYECTO (FK_PARTICIPXPROY_USUARIO_IDN,FK_PARTICIPXPROY_PROY_IDN) values ('3','162');
Insert into PROYINT.TB_PRY_PARTICIPANTEXPROYECTO (FK_PARTICIPXPROY_USUARIO_IDN,FK_PARTICIPXPROY_PROY_IDN) values ('3','163');
Insert into PROYINT.TB_PRY_PARTICIPANTEXPROYECTO (FK_PARTICIPXPROY_USUARIO_IDN,FK_PARTICIPXPROY_PROY_IDN) values ('3','164');
Insert into PROYINT.TB_PRY_PARTICIPANTEXPROYECTO (FK_PARTICIPXPROY_USUARIO_IDN,FK_PARTICIPXPROY_PROY_IDN) values ('3','165');
Insert into PROYINT.TB_PRY_PARTICIPANTEXPROYECTO (FK_PARTICIPXPROY_USUARIO_IDN,FK_PARTICIPXPROY_PROY_IDN) values ('3','166');
Insert into PROYINT.TB_PRY_PARTICIPANTEXPROYECTO (FK_PARTICIPXPROY_USUARIO_IDN,FK_PARTICIPXPROY_PROY_IDN) values ('3','167');
Insert into PROYINT.TB_PRY_PARTICIPANTEXPROYECTO (FK_PARTICIPXPROY_USUARIO_IDN,FK_PARTICIPXPROY_PROY_IDN) values ('3','168');
Insert into PROYINT.TB_PRY_PARTICIPANTEXPROYECTO (FK_PARTICIPXPROY_USUARIO_IDN,FK_PARTICIPXPROY_PROY_IDN) values ('3','169');
REM INSERTING into PROYINT.TB_PRY_PROYECTO
SET DEFINE OFF;
Insert into PROYINT.TB_PRY_PROYECTO (VR_NOMBRE_PROYECTO,VR_OBJETIVO_GENERAL,NB_IDN,DT_FECHA_CREACION,DT_FECHA_INICIAL,DT_FECHA_FINAL,DT_ADT_FECHA,VR_ADT_USUARIO,VR_CALIFICACION,VR_JUSTIFICACION_CANCELACION,VR_JUSTIFICACION_SUSPENCION,VR_RECONOCIMIENTO,FK_PROYECTOS_MODALIDADES_IDN,FK_PROYECTOS_TIPOSPROYECTO_IDN,FK_PROYECTOS_ESTADOS_IDN,FK_PROYECTOS_RESPONSABLE_IDN) values ('Proyecto Prueba','Objetivo General','22',to_date('17/01/16','DD/MM/RR'),to_date('17/01/16','DD/MM/RR'),to_date('18/01/16','DD/MM/RR'),to_date('17/01/16','DD/MM/RR'),'carlos.rodriguez',null,null,null,null,'2','1','1','1');
Insert into PROYINT.TB_PRY_PROYECTO (VR_NOMBRE_PROYECTO,VR_OBJETIVO_GENERAL,NB_IDN,DT_FECHA_CREACION,DT_FECHA_INICIAL,DT_FECHA_FINAL,DT_ADT_FECHA,VR_ADT_USUARIO,VR_CALIFICACION,VR_JUSTIFICACION_CANCELACION,VR_JUSTIFICACION_SUSPENCION,VR_RECONOCIMIENTO,FK_PROYECTOS_MODALIDADES_IDN,FK_PROYECTOS_TIPOSPROYECTO_IDN,FK_PROYECTOS_ESTADOS_IDN,FK_PROYECTOS_RESPONSABLE_IDN) values ('Proyecto prueba uno','obj gral 1','43',to_date('18/01/16','DD/MM/RR'),to_date('18/01/16','DD/MM/RR'),to_date('19/01/16','DD/MM/RR'),to_date('18/01/16','DD/MM/RR'),'carlos.rodriguez',null,null,null,null,'1','1','1','1');
Insert into PROYINT.TB_PRY_PROYECTO (VR_NOMBRE_PROYECTO,VR_OBJETIVO_GENERAL,NB_IDN,DT_FECHA_CREACION,DT_FECHA_INICIAL,DT_FECHA_FINAL,DT_ADT_FECHA,VR_ADT_USUARIO,VR_CALIFICACION,VR_JUSTIFICACION_CANCELACION,VR_JUSTIFICACION_SUSPENCION,VR_RECONOCIMIENTO,FK_PROYECTOS_MODALIDADES_IDN,FK_PROYECTOS_TIPOSPROYECTO_IDN,FK_PROYECTOS_ESTADOS_IDN,FK_PROYECTOS_RESPONSABLE_IDN) values ('Proyecto prueba dos','obj gral','61',to_date('19/01/16','DD/MM/RR'),to_date('19/01/16','DD/MM/RR'),to_date('20/01/16','DD/MM/RR'),to_date('19/01/16','DD/MM/RR'),'carlos.rodriguez',null,null,null,null,'3','3','1','2');
Insert into PROYINT.TB_PRY_PROYECTO (VR_NOMBRE_PROYECTO,VR_OBJETIVO_GENERAL,NB_IDN,DT_FECHA_CREACION,DT_FECHA_INICIAL,DT_FECHA_FINAL,DT_ADT_FECHA,VR_ADT_USUARIO,VR_CALIFICACION,VR_JUSTIFICACION_CANCELACION,VR_JUSTIFICACION_SUSPENCION,VR_RECONOCIMIENTO,FK_PROYECTOS_MODALIDADES_IDN,FK_PROYECTOS_TIPOSPROYECTO_IDN,FK_PROYECTOS_ESTADOS_IDN,FK_PROYECTOS_RESPONSABLE_IDN) values ('proyecto prueba 3','obj gral','62',to_date('19/01/16','DD/MM/RR'),to_date('19/01/16','DD/MM/RR'),to_date('20/01/16','DD/MM/RR'),to_date('19/01/16','DD/MM/RR'),'carlos.rodriguez',null,null,null,null,'1','2','1','2');
Insert into PROYINT.TB_PRY_PROYECTO (VR_NOMBRE_PROYECTO,VR_OBJETIVO_GENERAL,NB_IDN,DT_FECHA_CREACION,DT_FECHA_INICIAL,DT_FECHA_FINAL,DT_ADT_FECHA,VR_ADT_USUARIO,VR_CALIFICACION,VR_JUSTIFICACION_CANCELACION,VR_JUSTIFICACION_SUSPENCION,VR_RECONOCIMIENTO,FK_PROYECTOS_MODALIDADES_IDN,FK_PROYECTOS_TIPOSPROYECTO_IDN,FK_PROYECTOS_ESTADOS_IDN,FK_PROYECTOS_RESPONSABLE_IDN) values ('proyecto 3','obj geral','63',to_date('19/01/16','DD/MM/RR'),to_date('19/01/16','DD/MM/RR'),to_date('20/01/16','DD/MM/RR'),to_date('19/01/16','DD/MM/RR'),'carlos.rodriguez',null,null,null,null,'2','2','1','2');
Insert into PROYINT.TB_PRY_PROYECTO (VR_NOMBRE_PROYECTO,VR_OBJETIVO_GENERAL,NB_IDN,DT_FECHA_CREACION,DT_FECHA_INICIAL,DT_FECHA_FINAL,DT_ADT_FECHA,VR_ADT_USUARIO,VR_CALIFICACION,VR_JUSTIFICACION_CANCELACION,VR_JUSTIFICACION_SUSPENCION,VR_RECONOCIMIENTO,FK_PROYECTOS_MODALIDADES_IDN,FK_PROYECTOS_TIPOSPROYECTO_IDN,FK_PROYECTOS_ESTADOS_IDN,FK_PROYECTOS_RESPONSABLE_IDN) values ('proyecto ventana menu','Obj gral ventana ppal','81',to_date('23/01/16','DD/MM/RR'),to_date('23/01/16','DD/MM/RR'),to_date('24/01/16','DD/MM/RR'),to_date('23/01/16','DD/MM/RR'),'carlos.rodriguez',null,null,null,null,'1','1','1','2');
Insert into PROYINT.TB_PRY_PROYECTO (VR_NOMBRE_PROYECTO,VR_OBJETIVO_GENERAL,NB_IDN,DT_FECHA_CREACION,DT_FECHA_INICIAL,DT_FECHA_FINAL,DT_ADT_FECHA,VR_ADT_USUARIO,VR_CALIFICACION,VR_JUSTIFICACION_CANCELACION,VR_JUSTIFICACION_SUSPENCION,VR_RECONOCIMIENTO,FK_PROYECTOS_MODALIDADES_IDN,FK_PROYECTOS_TIPOSPROYECTO_IDN,FK_PROYECTOS_ESTADOS_IDN,FK_PROYECTOS_RESPONSABLE_IDN) values ('Completo','obj gral completo','101',to_date('26/01/16','DD/MM/RR'),to_date('26/01/16','DD/MM/RR'),to_date('27/01/16','DD/MM/RR'),to_date('26/01/16','DD/MM/RR'),'carlos.rodriguez',null,null,null,null,'1','1','1','2');
Insert into PROYINT.TB_PRY_PROYECTO (VR_NOMBRE_PROYECTO,VR_OBJETIVO_GENERAL,NB_IDN,DT_FECHA_CREACION,DT_FECHA_INICIAL,DT_FECHA_FINAL,DT_ADT_FECHA,VR_ADT_USUARIO,VR_CALIFICACION,VR_JUSTIFICACION_CANCELACION,VR_JUSTIFICACION_SUSPENCION,VR_RECONOCIMIENTO,FK_PROYECTOS_MODALIDADES_IDN,FK_PROYECTOS_TIPOSPROYECTO_IDN,FK_PROYECTOS_ESTADOS_IDN,FK_PROYECTOS_RESPONSABLE_IDN) values ('ultimatum','funciona','122',to_date('06/02/16','DD/MM/RR'),to_date('06/01/16','DD/MM/RR'),to_date('11/01/16','DD/MM/RR'),to_date('06/02/16','DD/MM/RR'),'hader.pelaez',null,null,null,null,'1','1','1','1');
Insert into PROYINT.TB_PRY_PROYECTO (VR_NOMBRE_PROYECTO,VR_OBJETIVO_GENERAL,NB_IDN,DT_FECHA_CREACION,DT_FECHA_INICIAL,DT_FECHA_FINAL,DT_ADT_FECHA,VR_ADT_USUARIO,VR_CALIFICACION,VR_JUSTIFICACION_CANCELACION,VR_JUSTIFICACION_SUSPENCION,VR_RECONOCIMIENTO,FK_PROYECTOS_MODALIDADES_IDN,FK_PROYECTOS_TIPOSPROYECTO_IDN,FK_PROYECTOS_ESTADOS_IDN,FK_PROYECTOS_RESPONSABLE_IDN) values ('wwwwwww','obj general','124',to_date('06/02/16','DD/MM/RR'),to_date('06/01/16','DD/MM/RR'),to_date('07/01/16','DD/MM/RR'),to_date('06/02/16','DD/MM/RR'),'carlos.rodriguez',null,null,null,null,'1','1','1','2');
Insert into PROYINT.TB_PRY_PROYECTO (VR_NOMBRE_PROYECTO,VR_OBJETIVO_GENERAL,NB_IDN,DT_FECHA_CREACION,DT_FECHA_INICIAL,DT_FECHA_FINAL,DT_ADT_FECHA,VR_ADT_USUARIO,VR_CALIFICACION,VR_JUSTIFICACION_CANCELACION,VR_JUSTIFICACION_SUSPENCION,VR_RECONOCIMIENTO,FK_PROYECTOS_MODALIDADES_IDN,FK_PROYECTOS_TIPOSPROYECTO_IDN,FK_PROYECTOS_ESTADOS_IDN,FK_PROYECTOS_RESPONSABLE_IDN) values ('proyecto','obj general 1','141',to_date('20/02/16','DD/MM/RR'),to_date('20/01/16','DD/MM/RR'),to_date('21/01/16','DD/MM/RR'),to_date('20/02/16','DD/MM/RR'),'carlos.rodriguez',null,null,null,null,'2','2','1','2');
Insert into PROYINT.TB_PRY_PROYECTO (VR_NOMBRE_PROYECTO,VR_OBJETIVO_GENERAL,NB_IDN,DT_FECHA_CREACION,DT_FECHA_INICIAL,DT_FECHA_FINAL,DT_ADT_FECHA,VR_ADT_USUARIO,VR_CALIFICACION,VR_JUSTIFICACION_CANCELACION,VR_JUSTIFICACION_SUSPENCION,VR_RECONOCIMIENTO,FK_PROYECTOS_MODALIDADES_IDN,FK_PROYECTOS_TIPOSPROYECTO_IDN,FK_PROYECTOS_ESTADOS_IDN,FK_PROYECTOS_RESPONSABLE_IDN) values ('proyecto sabado','obje general','161',to_date('20/02/16','DD/MM/RR'),to_date('10/01/16','DD/MM/RR'),to_date('20/01/16','DD/MM/RR'),to_date('20/02/16','DD/MM/RR'),'carlos.rodriguez',null,null,null,null,'2','2','1','2');
Insert into PROYINT.TB_PRY_PROYECTO (VR_NOMBRE_PROYECTO,VR_OBJETIVO_GENERAL,NB_IDN,DT_FECHA_CREACION,DT_FECHA_INICIAL,DT_FECHA_FINAL,DT_ADT_FECHA,VR_ADT_USUARIO,VR_CALIFICACION,VR_JUSTIFICACION_CANCELACION,VR_JUSTIFICACION_SUSPENCION,VR_RECONOCIMIENTO,FK_PROYECTOS_MODALIDADES_IDN,FK_PROYECTOS_TIPOSPROYECTO_IDN,FK_PROYECTOS_ESTADOS_IDN,FK_PROYECTOS_RESPONSABLE_IDN) values ('Proyecto Prueba','Obj general','162',to_date('25/02/16','DD/MM/RR'),to_date('25/01/16','DD/MM/RR'),to_date('26/01/16','DD/MM/RR'),to_date('25/02/16','DD/MM/RR'),'andresf.valencia',null,null,null,null,'2','1','1','5');
Insert into PROYINT.TB_PRY_PROYECTO (VR_NOMBRE_PROYECTO,VR_OBJETIVO_GENERAL,NB_IDN,DT_FECHA_CREACION,DT_FECHA_INICIAL,DT_FECHA_FINAL,DT_ADT_FECHA,VR_ADT_USUARIO,VR_CALIFICACION,VR_JUSTIFICACION_CANCELACION,VR_JUSTIFICACION_SUSPENCION,VR_RECONOCIMIENTO,FK_PROYECTOS_MODALIDADES_IDN,FK_PROYECTOS_TIPOSPROYECTO_IDN,FK_PROYECTOS_ESTADOS_IDN,FK_PROYECTOS_RESPONSABLE_IDN) values ('Prueba','Objetivo','163',to_date('25/02/16','DD/MM/RR'),to_date('25/01/16','DD/MM/RR'),to_date('26/01/16','DD/MM/RR'),to_date('25/02/16','DD/MM/RR'),'andresf.valencia',null,null,null,null,'2','1','1','5');
Insert into PROYINT.TB_PRY_PROYECTO (VR_NOMBRE_PROYECTO,VR_OBJETIVO_GENERAL,NB_IDN,DT_FECHA_CREACION,DT_FECHA_INICIAL,DT_FECHA_FINAL,DT_ADT_FECHA,VR_ADT_USUARIO,VR_CALIFICACION,VR_JUSTIFICACION_CANCELACION,VR_JUSTIFICACION_SUSPENCION,VR_RECONOCIMIENTO,FK_PROYECTOS_MODALIDADES_IDN,FK_PROYECTOS_TIPOSPROYECTO_IDN,FK_PROYECTOS_ESTADOS_IDN,FK_PROYECTOS_RESPONSABLE_IDN) values ('Prueba1','Objetivo General','164',to_date('27/02/16','DD/MM/RR'),to_date('27/01/16','DD/MM/RR'),to_date('28/01/16','DD/MM/RR'),to_date('27/02/16','DD/MM/RR'),'andresf.valencia',null,null,null,null,'2','1','1','5');
Insert into PROYINT.TB_PRY_PROYECTO (VR_NOMBRE_PROYECTO,VR_OBJETIVO_GENERAL,NB_IDN,DT_FECHA_CREACION,DT_FECHA_INICIAL,DT_FECHA_FINAL,DT_ADT_FECHA,VR_ADT_USUARIO,VR_CALIFICACION,VR_JUSTIFICACION_CANCELACION,VR_JUSTIFICACION_SUSPENCION,VR_RECONOCIMIENTO,FK_PROYECTOS_MODALIDADES_IDN,FK_PROYECTOS_TIPOSPROYECTO_IDN,FK_PROYECTOS_ESTADOS_IDN,FK_PROYECTOS_RESPONSABLE_IDN) values ('Prueba1','Objetivo General','165',to_date('27/02/16','DD/MM/RR'),to_date('27/01/16','DD/MM/RR'),to_date('28/01/16','DD/MM/RR'),to_date('27/02/16','DD/MM/RR'),'andresf.valencia',null,null,null,null,'2','1','1','5');
Insert into PROYINT.TB_PRY_PROYECTO (VR_NOMBRE_PROYECTO,VR_OBJETIVO_GENERAL,NB_IDN,DT_FECHA_CREACION,DT_FECHA_INICIAL,DT_FECHA_FINAL,DT_ADT_FECHA,VR_ADT_USUARIO,VR_CALIFICACION,VR_JUSTIFICACION_CANCELACION,VR_JUSTIFICACION_SUSPENCION,VR_RECONOCIMIENTO,FK_PROYECTOS_MODALIDADES_IDN,FK_PROYECTOS_TIPOSPROYECTO_IDN,FK_PROYECTOS_ESTADOS_IDN,FK_PROYECTOS_RESPONSABLE_IDN) values ('Prueba1','Objetivo General','166',to_date('27/02/16','DD/MM/RR'),to_date('27/01/16','DD/MM/RR'),to_date('28/01/16','DD/MM/RR'),to_date('27/02/16','DD/MM/RR'),'andresf.valencia',null,null,null,null,'2','1','2','5');
Insert into PROYINT.TB_PRY_PROYECTO (VR_NOMBRE_PROYECTO,VR_OBJETIVO_GENERAL,NB_IDN,DT_FECHA_CREACION,DT_FECHA_INICIAL,DT_FECHA_FINAL,DT_ADT_FECHA,VR_ADT_USUARIO,VR_CALIFICACION,VR_JUSTIFICACION_CANCELACION,VR_JUSTIFICACION_SUSPENCION,VR_RECONOCIMIENTO,FK_PROYECTOS_MODALIDADES_IDN,FK_PROYECTOS_TIPOSPROYECTO_IDN,FK_PROYECTOS_ESTADOS_IDN,FK_PROYECTOS_RESPONSABLE_IDN) values ('Prueba','Objetivo General','167',to_date('27/02/16','DD/MM/RR'),to_date('27/01/16','DD/MM/RR'),to_date('28/01/16','DD/MM/RR'),to_date('27/02/16','DD/MM/RR'),'andresf.valencia',null,null,null,null,'2','1','3','5');
Insert into PROYINT.TB_PRY_PROYECTO (VR_NOMBRE_PROYECTO,VR_OBJETIVO_GENERAL,NB_IDN,DT_FECHA_CREACION,DT_FECHA_INICIAL,DT_FECHA_FINAL,DT_ADT_FECHA,VR_ADT_USUARIO,VR_CALIFICACION,VR_JUSTIFICACION_CANCELACION,VR_JUSTIFICACION_SUSPENCION,VR_RECONOCIMIENTO,FK_PROYECTOS_MODALIDADES_IDN,FK_PROYECTOS_TIPOSPROYECTO_IDN,FK_PROYECTOS_ESTADOS_IDN,FK_PROYECTOS_RESPONSABLE_IDN) values ('Prueba1','Objetivo General','168',to_date('27/02/16','DD/MM/RR'),to_date('27/01/16','DD/MM/RR'),to_date('28/01/16','DD/MM/RR'),to_date('27/02/16','DD/MM/RR'),'andresf.valencia',null,null,null,null,'2','1','4','5');
Insert into PROYINT.TB_PRY_PROYECTO (VR_NOMBRE_PROYECTO,VR_OBJETIVO_GENERAL,NB_IDN,DT_FECHA_CREACION,DT_FECHA_INICIAL,DT_FECHA_FINAL,DT_ADT_FECHA,VR_ADT_USUARIO,VR_CALIFICACION,VR_JUSTIFICACION_CANCELACION,VR_JUSTIFICACION_SUSPENCION,VR_RECONOCIMIENTO,FK_PROYECTOS_MODALIDADES_IDN,FK_PROYECTOS_TIPOSPROYECTO_IDN,FK_PROYECTOS_ESTADOS_IDN,FK_PROYECTOS_RESPONSABLE_IDN) values ('Prueba','Objetivo General','169',to_date('27/02/16','DD/MM/RR'),to_date('27/01/16','DD/MM/RR'),to_date('28/01/16','DD/MM/RR'),to_date('27/02/16','DD/MM/RR'),'andresf.valencia',null,null,null,null,'2','1','5','5');
REM INSERTING into PROYINT.TB_PRY_TIPOSPROYECTO
SET DEFINE OFF;
Insert into PROYINT.TB_PRY_TIPOSPROYECTO (NB_IDN,VR_NOMBRE,VR_ADT_USUARIO,DT_ADT_FECHA) values ('1','Investigación','hader.pelaez',to_date('15/12/15','DD/MM/RR'));
Insert into PROYINT.TB_PRY_TIPOSPROYECTO (NB_IDN,VR_NOMBRE,VR_ADT_USUARIO,DT_ADT_FECHA) values ('2','Docencia','hader.pelaez',to_date('15/12/15','DD/MM/RR'));
Insert into PROYINT.TB_PRY_TIPOSPROYECTO (NB_IDN,VR_NOMBRE,VR_ADT_USUARIO,DT_ADT_FECHA) values ('3','Extensión','hader.pelaez',to_date('15/12/15','DD/MM/RR'));
--------------------------------------------------------
--  DDL for Index TB_PRY_PROYECTO_PK
--------------------------------------------------------

  CREATE UNIQUE INDEX "PROYINT"."TB_PRY_PROYECTO_PK" ON "PROYINT"."TB_PRY_PROYECTO" ("NB_IDN") 
  PCTFREE 10 INITRANS 2 MAXTRANS 255 COMPUTE STATISTICS 
  STORAGE(INITIAL 65536 NEXT 1048576 MINEXTENTS 1 MAXEXTENTS 2147483645
  PCTINCREASE 0 FREELISTS 1 FREELIST GROUPS 1 BUFFER_POOL DEFAULT FLASH_CACHE DEFAULT CELL_FLASH_CACHE DEFAULT)
  TABLESPACE "SYSTEM" ;
--------------------------------------------------------
--  DDL for Index TB_ADM_ESTADO_PK
--------------------------------------------------------

  CREATE UNIQUE INDEX "PROYINT"."TB_ADM_ESTADO_PK" ON "PROYINT"."TB_ADM_ESTADO" ("NB_IDN") 
  PCTFREE 10 INITRANS 2 MAXTRANS 255 COMPUTE STATISTICS 
  STORAGE(INITIAL 65536 NEXT 1048576 MINEXTENTS 1 MAXEXTENTS 2147483645
  PCTINCREASE 0 FREELISTS 1 FREELIST GROUPS 1 BUFFER_POOL DEFAULT FLASH_CACHE DEFAULT CELL_FLASH_CACHE DEFAULT)
  TABLESPACE "SYSTEM" ;
--------------------------------------------------------
--  DDL for Index H_PK
--------------------------------------------------------

  CREATE UNIQUE INDEX "PROYINT"."H_PK" ON "PROYINT"."TB_PRY_TIPOSPROYECTO" ("NB_IDN") 
  PCTFREE 10 INITRANS 2 MAXTRANS 255 COMPUTE STATISTICS 
  STORAGE(INITIAL 65536 NEXT 1048576 MINEXTENTS 1 MAXEXTENTS 2147483645
  PCTINCREASE 0 FREELISTS 1 FREELIST GROUPS 1 BUFFER_POOL DEFAULT FLASH_CACHE DEFAULT CELL_FLASH_CACHE DEFAULT)
  TABLESPACE "SYSTEM" ;
--------------------------------------------------------
--  DDL for Index TB_PRY_OBJETIVOS_ESPECIFIC_PK
--------------------------------------------------------

  CREATE UNIQUE INDEX "PROYINT"."TB_PRY_OBJETIVOS_ESPECIFIC_PK" ON "PROYINT"."TB_PRY_OBJETIVOS_ESPECIFICOS" ("NB_IDN") 
  PCTFREE 10 INITRANS 2 MAXTRANS 255 COMPUTE STATISTICS 
  STORAGE(INITIAL 65536 NEXT 1048576 MINEXTENTS 1 MAXEXTENTS 2147483645
  PCTINCREASE 0 FREELISTS 1 FREELIST GROUPS 1 BUFFER_POOL DEFAULT FLASH_CACHE DEFAULT CELL_FLASH_CACHE DEFAULT)
  TABLESPACE "SYSTEM" ;
--------------------------------------------------------
--  DDL for Index TB_PRY_ESTADOSACTIVIDAD_PK
--------------------------------------------------------

  CREATE UNIQUE INDEX "PROYINT"."TB_PRY_ESTADOSACTIVIDAD_PK" ON "PROYINT"."TB_PRY_ESTADOSACTIVIDAD" ("NB_IDN") 
  PCTFREE 10 INITRANS 2 MAXTRANS 255 COMPUTE STATISTICS 
  STORAGE(INITIAL 65536 NEXT 1048576 MINEXTENTS 1 MAXEXTENTS 2147483645
  PCTINCREASE 0 FREELISTS 1 FREELIST GROUPS 1 BUFFER_POOL DEFAULT FLASH_CACHE DEFAULT CELL_FLASH_CACHE DEFAULT)
  TABLESPACE "SYSTEM" ;
--------------------------------------------------------
--  DDL for Index UNICOUSUARIO
--------------------------------------------------------

  CREATE UNIQUE INDEX "PROYINT"."UNICOUSUARIO" ON "PROYINT"."TB_ADM_USUARIO" ("VR_USUARIO") 
  PCTFREE 10 INITRANS 2 MAXTRANS 255 COMPUTE STATISTICS 
  STORAGE(INITIAL 65536 NEXT 1048576 MINEXTENTS 1 MAXEXTENTS 2147483645
  PCTINCREASE 0 FREELISTS 1 FREELIST GROUPS 1 BUFFER_POOL DEFAULT FLASH_CACHE DEFAULT CELL_FLASH_CACHE DEFAULT)
  TABLESPACE "SYSTEM" ;
--------------------------------------------------------
--  DDL for Index TB_PRY_ACTIVIDADES_PK
--------------------------------------------------------

  CREATE UNIQUE INDEX "PROYINT"."TB_PRY_ACTIVIDADES_PK" ON "PROYINT"."TB_PRY_ACTIVIDADES" ("NB_IDN") 
  PCTFREE 10 INITRANS 2 MAXTRANS 255 COMPUTE STATISTICS 
  STORAGE(INITIAL 65536 NEXT 1048576 MINEXTENTS 1 MAXEXTENTS 2147483645
  PCTINCREASE 0 FREELISTS 1 FREELIST GROUPS 1 BUFFER_POOL DEFAULT FLASH_CACHE DEFAULT CELL_FLASH_CACHE DEFAULT)
  TABLESPACE "SYSTEM" ;
--------------------------------------------------------
--  DDL for Index TB_PRY_MODALIDADES_PK
--------------------------------------------------------

  CREATE UNIQUE INDEX "PROYINT"."TB_PRY_MODALIDADES_PK" ON "PROYINT"."TB_PRY_MODALIDADES" ("NB_IDN") 
  PCTFREE 10 INITRANS 2 MAXTRANS 255 COMPUTE STATISTICS 
  STORAGE(INITIAL 65536 NEXT 1048576 MINEXTENTS 1 MAXEXTENTS 2147483645
  PCTINCREASE 0 FREELISTS 1 FREELIST GROUPS 1 BUFFER_POOL DEFAULT FLASH_CACHE DEFAULT CELL_FLASH_CACHE DEFAULT)
  TABLESPACE "SYSTEM" ;
--------------------------------------------------------
--  DDL for Index TB_ADM_ROL_PROYECTO_PK
--------------------------------------------------------

  CREATE UNIQUE INDEX "PROYINT"."TB_ADM_ROL_PROYECTO_PK" ON "PROYINT"."TB_ADM_ROL_PROYECTO" ("NB_IDN") 
  PCTFREE 10 INITRANS 2 MAXTRANS 255 COMPUTE STATISTICS 
  STORAGE(INITIAL 65536 NEXT 1048576 MINEXTENTS 1 MAXEXTENTS 2147483645
  PCTINCREASE 0 FREELISTS 1 FREELIST GROUPS 1 BUFFER_POOL DEFAULT FLASH_CACHE DEFAULT CELL_FLASH_CACHE DEFAULT)
  TABLESPACE "SYSTEM" ;
--------------------------------------------------------
--  DDL for Index TB_ADM_USUARIO_PK
--------------------------------------------------------

  CREATE UNIQUE INDEX "PROYINT"."TB_ADM_USUARIO_PK" ON "PROYINT"."TB_ADM_USUARIO" ("NB_IDN") 
  PCTFREE 10 INITRANS 2 MAXTRANS 255 COMPUTE STATISTICS 
  STORAGE(INITIAL 65536 NEXT 1048576 MINEXTENTS 1 MAXEXTENTS 2147483645
  PCTINCREASE 0 FREELISTS 1 FREELIST GROUPS 1 BUFFER_POOL DEFAULT FLASH_CACHE DEFAULT CELL_FLASH_CACHE DEFAULT)
  TABLESPACE "SYSTEM" ;
--------------------------------------------------------
--  DDL for Index TB_PRY_ASESORXPROYECTO_PK
--------------------------------------------------------

  CREATE UNIQUE INDEX "PROYINT"."TB_PRY_ASESORXPROYECTO_PK" ON "PROYINT"."TB_PRY_ASESORXPROYECTO" ("FK_ASESORXPROYECTO_USUARIO_IDN", "FK_ASESORXPROYECTO_PROY_IDN") 
  PCTFREE 10 INITRANS 2 MAXTRANS 255 COMPUTE STATISTICS 
  STORAGE(INITIAL 65536 NEXT 1048576 MINEXTENTS 1 MAXEXTENTS 2147483645
  PCTINCREASE 0 FREELISTS 1 FREELIST GROUPS 1 BUFFER_POOL DEFAULT FLASH_CACHE DEFAULT CELL_FLASH_CACHE DEFAULT)
  TABLESPACE "SYSTEM" ;
--------------------------------------------------------
--  DDL for Index TB_ADM_PERMISO_PK
--------------------------------------------------------

  CREATE UNIQUE INDEX "PROYINT"."TB_ADM_PERMISO_PK" ON "PROYINT"."TB_ADM_PERMISO" ("NB_IDN") 
  PCTFREE 10 INITRANS 2 MAXTRANS 255 COMPUTE STATISTICS 
  STORAGE(INITIAL 65536 NEXT 1048576 MINEXTENTS 1 MAXEXTENTS 2147483645
  PCTINCREASE 0 FREELISTS 1 FREELIST GROUPS 1 BUFFER_POOL DEFAULT FLASH_CACHE DEFAULT CELL_FLASH_CACHE DEFAULT)
  TABLESPACE "SYSTEM" ;
--------------------------------------------------------
--  DDL for Index TB_ADM_TIPO_DOCUMENTO_PK
--------------------------------------------------------

  CREATE UNIQUE INDEX "PROYINT"."TB_ADM_TIPO_DOCUMENTO_PK" ON "PROYINT"."TB_ADM_TIPO_DOCUMENTO" ("NB_IDN") 
  PCTFREE 10 INITRANS 2 MAXTRANS 255 COMPUTE STATISTICS 
  STORAGE(INITIAL 65536 NEXT 1048576 MINEXTENTS 1 MAXEXTENTS 2147483645
  PCTINCREASE 0 FREELISTS 1 FREELIST GROUPS 1 BUFFER_POOL DEFAULT FLASH_CACHE DEFAULT CELL_FLASH_CACHE DEFAULT)
  TABLESPACE "SYSTEM" ;
--------------------------------------------------------
--  DDL for Index TB_ADM_ROLXPERMISO_PK
--------------------------------------------------------

  CREATE UNIQUE INDEX "PROYINT"."TB_ADM_ROLXPERMISO_PK" ON "PROYINT"."TB_ADM_ROLXPERMISO" ("FK_ROLXPERMISO_PERMISO_IDN", "FK_ROLXPERMISO_ROL_IDN") 
  PCTFREE 10 INITRANS 2 MAXTRANS 255 COMPUTE STATISTICS 
  STORAGE(INITIAL 65536 NEXT 1048576 MINEXTENTS 1 MAXEXTENTS 2147483645
  PCTINCREASE 0 FREELISTS 1 FREELIST GROUPS 1 BUFFER_POOL DEFAULT FLASH_CACHE DEFAULT CELL_FLASH_CACHE DEFAULT)
  TABLESPACE "SYSTEM" ;
--------------------------------------------------------
--  DDL for Index TB_PRY_ESTADOS_PK
--------------------------------------------------------

  CREATE UNIQUE INDEX "PROYINT"."TB_PRY_ESTADOS_PK" ON "PROYINT"."TB_PRY_ESTADOS" ("NB_IDN") 
  PCTFREE 10 INITRANS 2 MAXTRANS 255 COMPUTE STATISTICS 
  STORAGE(INITIAL 65536 NEXT 1048576 MINEXTENTS 1 MAXEXTENTS 2147483645
  PCTINCREASE 0 FREELISTS 1 FREELIST GROUPS 1 BUFFER_POOL DEFAULT FLASH_CACHE DEFAULT CELL_FLASH_CACHE DEFAULT)
  TABLESPACE "SYSTEM" ;
--------------------------------------------------------
--  DDL for Index TB_ADM_ROL_PK
--------------------------------------------------------

  CREATE UNIQUE INDEX "PROYINT"."TB_ADM_ROL_PK" ON "PROYINT"."TB_ADM_ROL_SISTEMA" ("NB_IDN") 
  PCTFREE 10 INITRANS 2 MAXTRANS 255 COMPUTE STATISTICS 
  STORAGE(INITIAL 65536 NEXT 1048576 MINEXTENTS 1 MAXEXTENTS 2147483645
  PCTINCREASE 0 FREELISTS 1 FREELIST GROUPS 1 BUFFER_POOL DEFAULT FLASH_CACHE DEFAULT CELL_FLASH_CACHE DEFAULT)
  TABLESPACE "SYSTEM" ;
--------------------------------------------------------
--  DDL for Index TB_PRY_PARTICIPANTEXPROYEC_PK
--------------------------------------------------------

  CREATE UNIQUE INDEX "PROYINT"."TB_PRY_PARTICIPANTEXPROYEC_PK" ON "PROYINT"."TB_PRY_PARTICIPANTEXPROYECTO" ("FK_PARTICIPXPROY_USUARIO_IDN", "FK_PARTICIPXPROY_PROY_IDN") 
  PCTFREE 10 INITRANS 2 MAXTRANS 255 COMPUTE STATISTICS 
  STORAGE(INITIAL 65536 NEXT 1048576 MINEXTENTS 1 MAXEXTENTS 2147483645
  PCTINCREASE 0 FREELISTS 1 FREELIST GROUPS 1 BUFFER_POOL DEFAULT FLASH_CACHE DEFAULT CELL_FLASH_CACHE DEFAULT)
  TABLESPACE "SYSTEM" ;
--------------------------------------------------------
--  Constraints for Table TB_ADM_ROL_PROYECTO
--------------------------------------------------------

  ALTER TABLE "PROYINT"."TB_ADM_ROL_PROYECTO" MODIFY ("NB_IDN" NOT NULL ENABLE);
  ALTER TABLE "PROYINT"."TB_ADM_ROL_PROYECTO" MODIFY ("VR_NOMBRE" NOT NULL ENABLE);
  ALTER TABLE "PROYINT"."TB_ADM_ROL_PROYECTO" MODIFY ("VR_ADT_USUARIO" NOT NULL ENABLE);
  ALTER TABLE "PROYINT"."TB_ADM_ROL_PROYECTO" MODIFY ("DT_ADT_FECHA" NOT NULL ENABLE);
  ALTER TABLE "PROYINT"."TB_ADM_ROL_PROYECTO" ADD CONSTRAINT "TB_ADM_ROL_PROYECTO_PK" PRIMARY KEY ("NB_IDN")
  USING INDEX PCTFREE 10 INITRANS 2 MAXTRANS 255 COMPUTE STATISTICS 
  STORAGE(INITIAL 65536 NEXT 1048576 MINEXTENTS 1 MAXEXTENTS 2147483645
  PCTINCREASE 0 FREELISTS 1 FREELIST GROUPS 1 BUFFER_POOL DEFAULT FLASH_CACHE DEFAULT CELL_FLASH_CACHE DEFAULT)
  TABLESPACE "SYSTEM"  ENABLE;
--------------------------------------------------------
--  Constraints for Table TB_ADM_ROL_SISTEMA
--------------------------------------------------------

  ALTER TABLE "PROYINT"."TB_ADM_ROL_SISTEMA" ADD CONSTRAINT "TB_ADM_ROL_PK" PRIMARY KEY ("NB_IDN")
  USING INDEX PCTFREE 10 INITRANS 2 MAXTRANS 255 COMPUTE STATISTICS 
  STORAGE(INITIAL 65536 NEXT 1048576 MINEXTENTS 1 MAXEXTENTS 2147483645
  PCTINCREASE 0 FREELISTS 1 FREELIST GROUPS 1 BUFFER_POOL DEFAULT FLASH_CACHE DEFAULT CELL_FLASH_CACHE DEFAULT)
  TABLESPACE "SYSTEM"  ENABLE;
  ALTER TABLE "PROYINT"."TB_ADM_ROL_SISTEMA" MODIFY ("DT_ADT_FECHA" NOT NULL ENABLE);
  ALTER TABLE "PROYINT"."TB_ADM_ROL_SISTEMA" MODIFY ("VR_ADT_USUARIO" NOT NULL ENABLE);
  ALTER TABLE "PROYINT"."TB_ADM_ROL_SISTEMA" MODIFY ("VR_NOMBRE" NOT NULL ENABLE);
  ALTER TABLE "PROYINT"."TB_ADM_ROL_SISTEMA" MODIFY ("NB_IDN" NOT NULL ENABLE);
--------------------------------------------------------
--  Constraints for Table TB_ADM_TIPO_DOCUMENTO
--------------------------------------------------------

  ALTER TABLE "PROYINT"."TB_ADM_TIPO_DOCUMENTO" ADD CONSTRAINT "TB_ADM_TIPO_DOCUMENTO_PK" PRIMARY KEY ("NB_IDN")
  USING INDEX PCTFREE 10 INITRANS 2 MAXTRANS 255 COMPUTE STATISTICS 
  STORAGE(INITIAL 65536 NEXT 1048576 MINEXTENTS 1 MAXEXTENTS 2147483645
  PCTINCREASE 0 FREELISTS 1 FREELIST GROUPS 1 BUFFER_POOL DEFAULT FLASH_CACHE DEFAULT CELL_FLASH_CACHE DEFAULT)
  TABLESPACE "SYSTEM"  ENABLE;
  ALTER TABLE "PROYINT"."TB_ADM_TIPO_DOCUMENTO" MODIFY ("VR_NOMBRE" NOT NULL ENABLE);
  ALTER TABLE "PROYINT"."TB_ADM_TIPO_DOCUMENTO" MODIFY ("NB_IDN" NOT NULL ENABLE);
--------------------------------------------------------
--  Constraints for Table TB_PRY_MODALIDADES
--------------------------------------------------------

  ALTER TABLE "PROYINT"."TB_PRY_MODALIDADES" MODIFY ("NB_IDN" NOT NULL ENABLE);
  ALTER TABLE "PROYINT"."TB_PRY_MODALIDADES" MODIFY ("VR_NOMBRE" NOT NULL ENABLE);
  ALTER TABLE "PROYINT"."TB_PRY_MODALIDADES" MODIFY ("VR_ADT_USUARIO" NOT NULL ENABLE);
  ALTER TABLE "PROYINT"."TB_PRY_MODALIDADES" MODIFY ("DT_ADT_FECHA" NOT NULL ENABLE);
  ALTER TABLE "PROYINT"."TB_PRY_MODALIDADES" ADD CONSTRAINT "TB_PRY_MODALIDADES_PK" PRIMARY KEY ("NB_IDN")
  USING INDEX PCTFREE 10 INITRANS 2 MAXTRANS 255 COMPUTE STATISTICS 
  STORAGE(INITIAL 65536 NEXT 1048576 MINEXTENTS 1 MAXEXTENTS 2147483645
  PCTINCREASE 0 FREELISTS 1 FREELIST GROUPS 1 BUFFER_POOL DEFAULT FLASH_CACHE DEFAULT CELL_FLASH_CACHE DEFAULT)
  TABLESPACE "SYSTEM"  ENABLE;
--------------------------------------------------------
--  Constraints for Table TB_PRY_TIPOSPROYECTO
--------------------------------------------------------

  ALTER TABLE "PROYINT"."TB_PRY_TIPOSPROYECTO" MODIFY ("NB_IDN" NOT NULL ENABLE);
  ALTER TABLE "PROYINT"."TB_PRY_TIPOSPROYECTO" MODIFY ("VR_NOMBRE" NOT NULL ENABLE);
  ALTER TABLE "PROYINT"."TB_PRY_TIPOSPROYECTO" MODIFY ("VR_ADT_USUARIO" NOT NULL ENABLE);
  ALTER TABLE "PROYINT"."TB_PRY_TIPOSPROYECTO" MODIFY ("DT_ADT_FECHA" NOT NULL ENABLE);
  ALTER TABLE "PROYINT"."TB_PRY_TIPOSPROYECTO" ADD CONSTRAINT "H_PK" PRIMARY KEY ("NB_IDN")
  USING INDEX PCTFREE 10 INITRANS 2 MAXTRANS 255 COMPUTE STATISTICS 
  STORAGE(INITIAL 65536 NEXT 1048576 MINEXTENTS 1 MAXEXTENTS 2147483645
  PCTINCREASE 0 FREELISTS 1 FREELIST GROUPS 1 BUFFER_POOL DEFAULT FLASH_CACHE DEFAULT CELL_FLASH_CACHE DEFAULT)
  TABLESPACE "SYSTEM"  ENABLE;
--------------------------------------------------------
--  Constraints for Table TB_PRY_OBJETIVOS_ESPECIFICOS
--------------------------------------------------------

  ALTER TABLE "PROYINT"."TB_PRY_OBJETIVOS_ESPECIFICOS" MODIFY ("NB_IDN" NOT NULL ENABLE);
  ALTER TABLE "PROYINT"."TB_PRY_OBJETIVOS_ESPECIFICOS" MODIFY ("VR_DESCRIPCION" NOT NULL ENABLE);
  ALTER TABLE "PROYINT"."TB_PRY_OBJETIVOS_ESPECIFICOS" MODIFY ("VR_ADT_USUARIO" NOT NULL ENABLE);
  ALTER TABLE "PROYINT"."TB_PRY_OBJETIVOS_ESPECIFICOS" MODIFY ("VR_ESTADO" NOT NULL ENABLE);
  ALTER TABLE "PROYINT"."TB_PRY_OBJETIVOS_ESPECIFICOS" MODIFY ("DT_ADT_FECHA" NOT NULL ENABLE);
  ALTER TABLE "PROYINT"."TB_PRY_OBJETIVOS_ESPECIFICOS" MODIFY ("NB_PORCENTAJE" NOT NULL ENABLE);
  ALTER TABLE "PROYINT"."TB_PRY_OBJETIVOS_ESPECIFICOS" MODIFY ("FK_OBJESP_PROYECTO_IDN" NOT NULL ENABLE);
  ALTER TABLE "PROYINT"."TB_PRY_OBJETIVOS_ESPECIFICOS" ADD CONSTRAINT "TB_PRY_OBJETIVOS_ESPECIFIC_PK" PRIMARY KEY ("NB_IDN")
  USING INDEX PCTFREE 10 INITRANS 2 MAXTRANS 255 COMPUTE STATISTICS 
  STORAGE(INITIAL 65536 NEXT 1048576 MINEXTENTS 1 MAXEXTENTS 2147483645
  PCTINCREASE 0 FREELISTS 1 FREELIST GROUPS 1 BUFFER_POOL DEFAULT FLASH_CACHE DEFAULT CELL_FLASH_CACHE DEFAULT)
  TABLESPACE "SYSTEM"  ENABLE;
--------------------------------------------------------
--  Constraints for Table TB_ADM_USUARIO
--------------------------------------------------------

  ALTER TABLE "PROYINT"."TB_ADM_USUARIO" MODIFY ("FK_USUARIO_TIPO_DOCUMENTO_IDN" NOT NULL ENABLE);
  ALTER TABLE "PROYINT"."TB_ADM_USUARIO" MODIFY ("FK_USUARIO_ESTADO_IDN" NOT NULL ENABLE);
  ALTER TABLE "PROYINT"."TB_ADM_USUARIO" MODIFY ("FK_USUARIO_ROL_IDN" NOT NULL ENABLE);
  ALTER TABLE "PROYINT"."TB_ADM_USUARIO" ADD CONSTRAINT "TB_ADM_USUARIO_PK" PRIMARY KEY ("NB_IDN")
  USING INDEX PCTFREE 10 INITRANS 2 MAXTRANS 255 COMPUTE STATISTICS 
  STORAGE(INITIAL 65536 NEXT 1048576 MINEXTENTS 1 MAXEXTENTS 2147483645
  PCTINCREASE 0 FREELISTS 1 FREELIST GROUPS 1 BUFFER_POOL DEFAULT FLASH_CACHE DEFAULT CELL_FLASH_CACHE DEFAULT)
  TABLESPACE "SYSTEM"  ENABLE;
  ALTER TABLE "PROYINT"."TB_ADM_USUARIO" MODIFY ("DT_ADT_FECHA" NOT NULL ENABLE);
  ALTER TABLE "PROYINT"."TB_ADM_USUARIO" MODIFY ("VR_ADT_USUARIO" NOT NULL ENABLE);
  ALTER TABLE "PROYINT"."TB_ADM_USUARIO" MODIFY ("VR_EMAIL" NOT NULL ENABLE);
  ALTER TABLE "PROYINT"."TB_ADM_USUARIO" MODIFY ("VR_APELLIDOS" NOT NULL ENABLE);
  ALTER TABLE "PROYINT"."TB_ADM_USUARIO" MODIFY ("VR_NOMBRES" NOT NULL ENABLE);
  ALTER TABLE "PROYINT"."TB_ADM_USUARIO" MODIFY ("VR_CONTRASENA" NOT NULL ENABLE);
  ALTER TABLE "PROYINT"."TB_ADM_USUARIO" MODIFY ("VR_USUARIO" NOT NULL ENABLE);
  ALTER TABLE "PROYINT"."TB_ADM_USUARIO" MODIFY ("NB_IDN" NOT NULL ENABLE);
  ALTER TABLE "PROYINT"."TB_ADM_USUARIO" MODIFY ("NB_IDENTIFICACION" NOT NULL ENABLE);
  ALTER TABLE "PROYINT"."TB_ADM_USUARIO" ADD CONSTRAINT "UNICOUSUARIO" UNIQUE ("VR_USUARIO")
  USING INDEX PCTFREE 10 INITRANS 2 MAXTRANS 255 COMPUTE STATISTICS 
  STORAGE(INITIAL 65536 NEXT 1048576 MINEXTENTS 1 MAXEXTENTS 2147483645
  PCTINCREASE 0 FREELISTS 1 FREELIST GROUPS 1 BUFFER_POOL DEFAULT FLASH_CACHE DEFAULT CELL_FLASH_CACHE DEFAULT)
  TABLESPACE "SYSTEM"  ENABLE;
--------------------------------------------------------
--  Constraints for Table TB_ADM_ROLXPERMISO
--------------------------------------------------------

  ALTER TABLE "PROYINT"."TB_ADM_ROLXPERMISO" MODIFY ("FK_ROLXPERMISO_ROL_IDN" NOT NULL ENABLE);
  ALTER TABLE "PROYINT"."TB_ADM_ROLXPERMISO" MODIFY ("FK_ROLXPERMISO_PERMISO_IDN" NOT NULL ENABLE);
  ALTER TABLE "PROYINT"."TB_ADM_ROLXPERMISO" ADD CONSTRAINT "TB_ADM_ROLXPERMISO_PK" PRIMARY KEY ("FK_ROLXPERMISO_PERMISO_IDN", "FK_ROLXPERMISO_ROL_IDN")
  USING INDEX PCTFREE 10 INITRANS 2 MAXTRANS 255 COMPUTE STATISTICS 
  STORAGE(INITIAL 65536 NEXT 1048576 MINEXTENTS 1 MAXEXTENTS 2147483645
  PCTINCREASE 0 FREELISTS 1 FREELIST GROUPS 1 BUFFER_POOL DEFAULT FLASH_CACHE DEFAULT CELL_FLASH_CACHE DEFAULT)
  TABLESPACE "SYSTEM"  ENABLE;
--------------------------------------------------------
--  Constraints for Table TB_PRY_ASESORXPROYECTO
--------------------------------------------------------

  ALTER TABLE "PROYINT"."TB_PRY_ASESORXPROYECTO" MODIFY ("FK_ASESORXPROYECTO_USUARIO_IDN" NOT NULL ENABLE);
  ALTER TABLE "PROYINT"."TB_PRY_ASESORXPROYECTO" MODIFY ("FK_ASESORXPROYECTO_PROY_IDN" NOT NULL ENABLE);
  ALTER TABLE "PROYINT"."TB_PRY_ASESORXPROYECTO" ADD CONSTRAINT "TB_PRY_ASESORXPROYECTO_PK" PRIMARY KEY ("FK_ASESORXPROYECTO_USUARIO_IDN", "FK_ASESORXPROYECTO_PROY_IDN")
  USING INDEX PCTFREE 10 INITRANS 2 MAXTRANS 255 COMPUTE STATISTICS 
  STORAGE(INITIAL 65536 NEXT 1048576 MINEXTENTS 1 MAXEXTENTS 2147483645
  PCTINCREASE 0 FREELISTS 1 FREELIST GROUPS 1 BUFFER_POOL DEFAULT FLASH_CACHE DEFAULT CELL_FLASH_CACHE DEFAULT)
  TABLESPACE "SYSTEM"  ENABLE;
--------------------------------------------------------
--  Constraints for Table TB_ADM_ESTADO
--------------------------------------------------------

  ALTER TABLE "PROYINT"."TB_ADM_ESTADO" ADD CONSTRAINT "TB_ADM_ESTADO_PK" PRIMARY KEY ("NB_IDN")
  USING INDEX PCTFREE 10 INITRANS 2 MAXTRANS 255 COMPUTE STATISTICS 
  STORAGE(INITIAL 65536 NEXT 1048576 MINEXTENTS 1 MAXEXTENTS 2147483645
  PCTINCREASE 0 FREELISTS 1 FREELIST GROUPS 1 BUFFER_POOL DEFAULT FLASH_CACHE DEFAULT CELL_FLASH_CACHE DEFAULT)
  TABLESPACE "SYSTEM"  ENABLE;
  ALTER TABLE "PROYINT"."TB_ADM_ESTADO" MODIFY ("VR_DESCRIPCION" NOT NULL ENABLE);
  ALTER TABLE "PROYINT"."TB_ADM_ESTADO" MODIFY ("NB_IDN" NOT NULL ENABLE);
--------------------------------------------------------
--  Constraints for Table TB_PRY_PARTICIPANTEXPROYECTO
--------------------------------------------------------

  ALTER TABLE "PROYINT"."TB_PRY_PARTICIPANTEXPROYECTO" ADD CONSTRAINT "TB_PRY_PARTICIPANTEXPROYEC_PK" PRIMARY KEY ("FK_PARTICIPXPROY_USUARIO_IDN", "FK_PARTICIPXPROY_PROY_IDN")
  USING INDEX PCTFREE 10 INITRANS 2 MAXTRANS 255 COMPUTE STATISTICS 
  STORAGE(INITIAL 65536 NEXT 1048576 MINEXTENTS 1 MAXEXTENTS 2147483645
  PCTINCREASE 0 FREELISTS 1 FREELIST GROUPS 1 BUFFER_POOL DEFAULT FLASH_CACHE DEFAULT CELL_FLASH_CACHE DEFAULT)
  TABLESPACE "SYSTEM"  ENABLE;
  ALTER TABLE "PROYINT"."TB_PRY_PARTICIPANTEXPROYECTO" MODIFY ("FK_PARTICIPXPROY_USUARIO_IDN" NOT NULL ENABLE);
  ALTER TABLE "PROYINT"."TB_PRY_PARTICIPANTEXPROYECTO" MODIFY ("FK_PARTICIPXPROY_PROY_IDN" NOT NULL ENABLE);
--------------------------------------------------------
--  Constraints for Table TB_PRY_PROYECTO
--------------------------------------------------------

  ALTER TABLE "PROYINT"."TB_PRY_PROYECTO" MODIFY ("NB_IDN" NOT NULL ENABLE);
  ALTER TABLE "PROYINT"."TB_PRY_PROYECTO" MODIFY ("VR_NOMBRE_PROYECTO" NOT NULL ENABLE);
  ALTER TABLE "PROYINT"."TB_PRY_PROYECTO" MODIFY ("VR_OBJETIVO_GENERAL" NOT NULL ENABLE);
  ALTER TABLE "PROYINT"."TB_PRY_PROYECTO" MODIFY ("DT_FECHA_CREACION" NOT NULL ENABLE);
  ALTER TABLE "PROYINT"."TB_PRY_PROYECTO" MODIFY ("DT_FECHA_INICIAL" NOT NULL ENABLE);
  ALTER TABLE "PROYINT"."TB_PRY_PROYECTO" MODIFY ("DT_FECHA_FINAL" NOT NULL ENABLE);
  ALTER TABLE "PROYINT"."TB_PRY_PROYECTO" MODIFY ("DT_ADT_FECHA" NOT NULL ENABLE);
  ALTER TABLE "PROYINT"."TB_PRY_PROYECTO" ADD CONSTRAINT "TB_PRY_PROYECTO_PK" PRIMARY KEY ("NB_IDN")
  USING INDEX PCTFREE 10 INITRANS 2 MAXTRANS 255 COMPUTE STATISTICS 
  STORAGE(INITIAL 65536 NEXT 1048576 MINEXTENTS 1 MAXEXTENTS 2147483645
  PCTINCREASE 0 FREELISTS 1 FREELIST GROUPS 1 BUFFER_POOL DEFAULT FLASH_CACHE DEFAULT CELL_FLASH_CACHE DEFAULT)
  TABLESPACE "SYSTEM"  ENABLE;
  ALTER TABLE "PROYINT"."TB_PRY_PROYECTO" MODIFY ("VR_ADT_USUARIO" NOT NULL ENABLE);
  ALTER TABLE "PROYINT"."TB_PRY_PROYECTO" MODIFY ("FK_PROYECTOS_MODALIDADES_IDN" NOT NULL ENABLE);
  ALTER TABLE "PROYINT"."TB_PRY_PROYECTO" MODIFY ("FK_PROYECTOS_TIPOSPROYECTO_IDN" NOT NULL ENABLE);
  ALTER TABLE "PROYINT"."TB_PRY_PROYECTO" MODIFY ("FK_PROYECTOS_ESTADOS_IDN" NOT NULL ENABLE);
  ALTER TABLE "PROYINT"."TB_PRY_PROYECTO" MODIFY ("FK_PROYECTOS_RESPONSABLE_IDN" NOT NULL ENABLE);
--------------------------------------------------------
--  Constraints for Table TB_PRY_ACTIVIDADES
--------------------------------------------------------

  ALTER TABLE "PROYINT"."TB_PRY_ACTIVIDADES" MODIFY ("NB_IDN" NOT NULL ENABLE);
  ALTER TABLE "PROYINT"."TB_PRY_ACTIVIDADES" MODIFY ("VR_NOMBREACTIVIDAD" NOT NULL ENABLE);
  ALTER TABLE "PROYINT"."TB_PRY_ACTIVIDADES" MODIFY ("DT_FECHACREACION" NOT NULL ENABLE);
  ALTER TABLE "PROYINT"."TB_PRY_ACTIVIDADES" MODIFY ("NB_PORCENTAJEACTIVIDAD" NOT NULL ENABLE);
  ALTER TABLE "PROYINT"."TB_PRY_ACTIVIDADES" MODIFY ("VR_ADTUSUARIO" NOT NULL ENABLE);
  ALTER TABLE "PROYINT"."TB_PRY_ACTIVIDADES" MODIFY ("DT_ADTFECHA" NOT NULL ENABLE);
  ALTER TABLE "PROYINT"."TB_PRY_ACTIVIDADES" ADD CONSTRAINT "TB_PRY_ACTIVIDADES_PK" PRIMARY KEY ("NB_IDN")
  USING INDEX PCTFREE 10 INITRANS 2 MAXTRANS 255 COMPUTE STATISTICS 
  STORAGE(INITIAL 65536 NEXT 1048576 MINEXTENTS 1 MAXEXTENTS 2147483645
  PCTINCREASE 0 FREELISTS 1 FREELIST GROUPS 1 BUFFER_POOL DEFAULT FLASH_CACHE DEFAULT CELL_FLASH_CACHE DEFAULT)
  TABLESPACE "SYSTEM"  ENABLE;
  ALTER TABLE "PROYINT"."TB_PRY_ACTIVIDADES" MODIFY ("FK_ACTIVIADES_ESTACTIVID_IDN" NOT NULL ENABLE);
  ALTER TABLE "PROYINT"."TB_PRY_ACTIVIDADES" MODIFY ("FK_ACTIVIDADE_OBJESPECIF_IDN" NOT NULL ENABLE);
--------------------------------------------------------
--  Constraints for Table TB_PRY_ESTADOSACTIVIDAD
--------------------------------------------------------

  ALTER TABLE "PROYINT"."TB_PRY_ESTADOSACTIVIDAD" MODIFY ("NB_IDN" NOT NULL ENABLE);
  ALTER TABLE "PROYINT"."TB_PRY_ESTADOSACTIVIDAD" MODIFY ("VR_NOMBRE" NOT NULL ENABLE);
  ALTER TABLE "PROYINT"."TB_PRY_ESTADOSACTIVIDAD" MODIFY ("VR_ADTUSUARIO" NOT NULL ENABLE);
  ALTER TABLE "PROYINT"."TB_PRY_ESTADOSACTIVIDAD" MODIFY ("DT_ADTFECHA" NOT NULL ENABLE);
  ALTER TABLE "PROYINT"."TB_PRY_ESTADOSACTIVIDAD" ADD CONSTRAINT "TB_PRY_ESTADOSACTIVIDAD_PK" PRIMARY KEY ("NB_IDN")
  USING INDEX PCTFREE 10 INITRANS 2 MAXTRANS 255 COMPUTE STATISTICS 
  STORAGE(INITIAL 65536 NEXT 1048576 MINEXTENTS 1 MAXEXTENTS 2147483645
  PCTINCREASE 0 FREELISTS 1 FREELIST GROUPS 1 BUFFER_POOL DEFAULT FLASH_CACHE DEFAULT CELL_FLASH_CACHE DEFAULT)
  TABLESPACE "SYSTEM"  ENABLE;
--------------------------------------------------------
--  Constraints for Table TB_ADM_PERMISO
--------------------------------------------------------

  ALTER TABLE "PROYINT"."TB_ADM_PERMISO" ADD CONSTRAINT "TB_ADM_PERMISO_PK" PRIMARY KEY ("NB_IDN")
  USING INDEX PCTFREE 10 INITRANS 2 MAXTRANS 255 COMPUTE STATISTICS 
  STORAGE(INITIAL 65536 NEXT 1048576 MINEXTENTS 1 MAXEXTENTS 2147483645
  PCTINCREASE 0 FREELISTS 1 FREELIST GROUPS 1 BUFFER_POOL DEFAULT FLASH_CACHE DEFAULT CELL_FLASH_CACHE DEFAULT)
  TABLESPACE "SYSTEM"  ENABLE;
  ALTER TABLE "PROYINT"."TB_ADM_PERMISO" MODIFY ("DT_ADT_FECHA" NOT NULL ENABLE);
  ALTER TABLE "PROYINT"."TB_ADM_PERMISO" MODIFY ("VR_ADT_USUARIO" NOT NULL ENABLE);
  ALTER TABLE "PROYINT"."TB_ADM_PERMISO" MODIFY ("VR_NOMBRE" NOT NULL ENABLE);
  ALTER TABLE "PROYINT"."TB_ADM_PERMISO" MODIFY ("NB_IDN" NOT NULL ENABLE);
--------------------------------------------------------
--  Constraints for Table TB_PRY_ESTADOS
--------------------------------------------------------

  ALTER TABLE "PROYINT"."TB_PRY_ESTADOS" MODIFY ("NB_IDN" NOT NULL ENABLE);
  ALTER TABLE "PROYINT"."TB_PRY_ESTADOS" MODIFY ("VR_NOMBRE" NOT NULL ENABLE);
  ALTER TABLE "PROYINT"."TB_PRY_ESTADOS" MODIFY ("VR_ADT_USUARIO" NOT NULL ENABLE);
  ALTER TABLE "PROYINT"."TB_PRY_ESTADOS" MODIFY ("VR_ADT_FECHA" NOT NULL ENABLE);
  ALTER TABLE "PROYINT"."TB_PRY_ESTADOS" ADD CONSTRAINT "TB_PRY_ESTADOS_PK" PRIMARY KEY ("NB_IDN")
  USING INDEX PCTFREE 10 INITRANS 2 MAXTRANS 255 COMPUTE STATISTICS 
  STORAGE(INITIAL 65536 NEXT 1048576 MINEXTENTS 1 MAXEXTENTS 2147483645
  PCTINCREASE 0 FREELISTS 1 FREELIST GROUPS 1 BUFFER_POOL DEFAULT FLASH_CACHE DEFAULT CELL_FLASH_CACHE DEFAULT)
  TABLESPACE "SYSTEM"  ENABLE;
--------------------------------------------------------
--  Ref Constraints for Table TB_ADM_ROLXPERMISO
--------------------------------------------------------

  ALTER TABLE "PROYINT"."TB_ADM_ROLXPERMISO" ADD CONSTRAINT "TB_ADM_ROLXPERMISO_FK1" FOREIGN KEY ("FK_ROLXPERMISO_ROL_IDN")
	  REFERENCES "PROYINT"."TB_ADM_ROL_SISTEMA" ("NB_IDN") ENABLE;
  ALTER TABLE "PROYINT"."TB_ADM_ROLXPERMISO" ADD CONSTRAINT "TB_ADM_ROLXPERMISO_FK2" FOREIGN KEY ("FK_ROLXPERMISO_PERMISO_IDN")
	  REFERENCES "PROYINT"."TB_ADM_PERMISO" ("NB_IDN") ENABLE;
--------------------------------------------------------
--  Ref Constraints for Table TB_ADM_USUARIO
--------------------------------------------------------

  ALTER TABLE "PROYINT"."TB_ADM_USUARIO" ADD CONSTRAINT "TB_ADM_USUARIO_FK1" FOREIGN KEY ("FK_USUARIO_ROL_IDN")
	  REFERENCES "PROYINT"."TB_ADM_ROL_SISTEMA" ("NB_IDN") ENABLE;
  ALTER TABLE "PROYINT"."TB_ADM_USUARIO" ADD CONSTRAINT "TB_ADM_USUARIO_FK2" FOREIGN KEY ("FK_USUARIO_ESTADO_IDN")
	  REFERENCES "PROYINT"."TB_ADM_ESTADO" ("NB_IDN") ENABLE;
  ALTER TABLE "PROYINT"."TB_ADM_USUARIO" ADD CONSTRAINT "TB_ADM_USUARIO_FK3" FOREIGN KEY ("FK_USUARIO_TIPO_DOCUMENTO_IDN")
	  REFERENCES "PROYINT"."TB_ADM_TIPO_DOCUMENTO" ("NB_IDN") ENABLE;
--------------------------------------------------------
--  Ref Constraints for Table TB_PRY_ACTIVIDADES
--------------------------------------------------------

  ALTER TABLE "PROYINT"."TB_PRY_ACTIVIDADES" ADD CONSTRAINT "FK_ACTIVIDADES_OBJESPECIF_IDN" FOREIGN KEY ("FK_ACTIVIDADE_OBJESPECIF_IDN")
	  REFERENCES "PROYINT"."TB_PRY_OBJETIVOS_ESPECIFICOS" ("NB_IDN") ENABLE;
--------------------------------------------------------
--  Ref Constraints for Table TB_PRY_ASESORXPROYECTO
--------------------------------------------------------

  ALTER TABLE "PROYINT"."TB_PRY_ASESORXPROYECTO" ADD CONSTRAINT "FK_ASESORXPROYECTO_PROY_IDN" FOREIGN KEY ("FK_ASESORXPROYECTO_PROY_IDN")
	  REFERENCES "PROYINT"."TB_PRY_PROYECTO" ("NB_IDN") ENABLE;
  ALTER TABLE "PROYINT"."TB_PRY_ASESORXPROYECTO" ADD CONSTRAINT "FK_ASESORXPROYECTO_USUARIO_IDN" FOREIGN KEY ("FK_ASESORXPROYECTO_USUARIO_IDN")
	  REFERENCES "PROYINT"."TB_ADM_USUARIO" ("NB_IDN") ENABLE;
--------------------------------------------------------
--  Ref Constraints for Table TB_PRY_OBJETIVOS_ESPECIFICOS
--------------------------------------------------------

  ALTER TABLE "PROYINT"."TB_PRY_OBJETIVOS_ESPECIFICOS" ADD CONSTRAINT "FK_OBJESP_PROYECTO_IDN" FOREIGN KEY ("FK_OBJESP_PROYECTO_IDN")
	  REFERENCES "PROYINT"."TB_PRY_PROYECTO" ("NB_IDN") ENABLE;
--------------------------------------------------------
--  Ref Constraints for Table TB_PRY_PARTICIPANTEXPROYECTO
--------------------------------------------------------

  ALTER TABLE "PROYINT"."TB_PRY_PARTICIPANTEXPROYECTO" ADD CONSTRAINT "FK_PARTICIPXPROY_PROY_IDN" FOREIGN KEY ("FK_PARTICIPXPROY_PROY_IDN")
	  REFERENCES "PROYINT"."TB_PRY_PROYECTO" ("NB_IDN") ENABLE;
  ALTER TABLE "PROYINT"."TB_PRY_PARTICIPANTEXPROYECTO" ADD CONSTRAINT "FK_PARTICIPXPROY_USUARIO_IDN" FOREIGN KEY ("FK_PARTICIPXPROY_USUARIO_IDN")
	  REFERENCES "PROYINT"."TB_ADM_USUARIO" ("NB_IDN") ENABLE;
--------------------------------------------------------
--  Ref Constraints for Table TB_PRY_PROYECTO
--------------------------------------------------------

  ALTER TABLE "PROYINT"."TB_PRY_PROYECTO" ADD CONSTRAINT "FK_PROYECTOS_ESTADOS_IDN" FOREIGN KEY ("FK_PROYECTOS_ESTADOS_IDN")
	  REFERENCES "PROYINT"."TB_PRY_ESTADOS" ("NB_IDN") ENABLE;
  ALTER TABLE "PROYINT"."TB_PRY_PROYECTO" ADD CONSTRAINT "FK_PROYECTOS_MODALIDADES_IDN" FOREIGN KEY ("FK_PROYECTOS_MODALIDADES_IDN")
	  REFERENCES "PROYINT"."TB_PRY_MODALIDADES" ("NB_IDN") ENABLE;
  ALTER TABLE "PROYINT"."TB_PRY_PROYECTO" ADD CONSTRAINT "FK_PROYECTOS_RESPONSABLE_IDN" FOREIGN KEY ("FK_PROYECTOS_RESPONSABLE_IDN")
	  REFERENCES "PROYINT"."TB_ADM_USUARIO" ("NB_IDN") ENABLE;
  ALTER TABLE "PROYINT"."TB_PRY_PROYECTO" ADD CONSTRAINT "FK_PROYECTOS_TIPOSPROYECTO_IDN" FOREIGN KEY ("FK_PROYECTOS_TIPOSPROYECTO_IDN")
	  REFERENCES "PROYINT"."TB_PRY_TIPOSPROYECTO" ("NB_IDN") ENABLE;
--------------------------------------------------------
--  DDL for Trigger TB_ADM_ESTADO_TRG
--------------------------------------------------------

  CREATE OR REPLACE TRIGGER "PROYINT"."TB_ADM_ESTADO_TRG" 
BEFORE INSERT ON TB_ADM_ESTADO 
FOR EACH ROW 
BEGIN
  <<COLUMN_SEQUENCES>>
  BEGIN
    IF INSERTING AND :NEW.NB_IDN IS NULL THEN
      SELECT TB_ADM_ESTADO_SEQ.NEXTVAL INTO :NEW.NB_IDN FROM SYS.DUAL;
    END IF;
  END COLUMN_SEQUENCES;
END;
/
ALTER TRIGGER "PROYINT"."TB_ADM_ESTADO_TRG" ENABLE;
--------------------------------------------------------
--  DDL for Trigger TB_ADM_PERMISO_TRG
--------------------------------------------------------

  CREATE OR REPLACE TRIGGER "PROYINT"."TB_ADM_PERMISO_TRG" 
BEFORE INSERT ON TB_ADM_PERMISO 
FOR EACH ROW 
BEGIN
  <<COLUMN_SEQUENCES>>
  BEGIN
    IF INSERTING AND :NEW.NB_IDN IS NULL THEN
      SELECT TB_ADM_PERMISO_SEQ.NEXTVAL INTO :NEW.NB_IDN FROM SYS.DUAL;
    END IF;
  END COLUMN_SEQUENCES;
END;
/
ALTER TRIGGER "PROYINT"."TB_ADM_PERMISO_TRG" ENABLE;
--------------------------------------------------------
--  DDL for Trigger TB_ADM_ROL_PROYECTO_TRG
--------------------------------------------------------

  CREATE OR REPLACE TRIGGER "PROYINT"."TB_ADM_ROL_PROYECTO_TRG" 
BEFORE INSERT ON TB_ADM_ROL_PROYECTO 
FOR EACH ROW 
BEGIN
  <<COLUMN_SEQUENCES>>
  BEGIN
    IF INSERTING AND :NEW.NB_IDN IS NULL THEN
      SELECT TB_ADM_ROL_PROYECTO_SEQ.NEXTVAL INTO :NEW.NB_IDN FROM SYS.DUAL;
    END IF;
  END COLUMN_SEQUENCES;
END;
/
ALTER TRIGGER "PROYINT"."TB_ADM_ROL_PROYECTO_TRG" ENABLE;
--------------------------------------------------------
--  DDL for Trigger TB_ADM_ROL_SISTEMA_TRG
--------------------------------------------------------

  CREATE OR REPLACE TRIGGER "PROYINT"."TB_ADM_ROL_SISTEMA_TRG" 
BEFORE INSERT ON TB_ADM_ROL_SISTEMA 
FOR EACH ROW 
BEGIN
  <<COLUMN_SEQUENCES>>
  BEGIN
    IF INSERTING AND :NEW.NB_IDN IS NULL THEN
      SELECT TB_ADM_ROL_SISTEMA_SEQ.NEXTVAL INTO :NEW.NB_IDN FROM SYS.DUAL;
    END IF;
  END COLUMN_SEQUENCES;
END;
/
ALTER TRIGGER "PROYINT"."TB_ADM_ROL_SISTEMA_TRG" ENABLE;
--------------------------------------------------------
--  DDL for Trigger TB_ADM_TIPO_DOCUMENTO_TRG
--------------------------------------------------------

  CREATE OR REPLACE TRIGGER "PROYINT"."TB_ADM_TIPO_DOCUMENTO_TRG" 
BEFORE INSERT ON TB_ADM_TIPO_DOCUMENTO 
FOR EACH ROW 
BEGIN
  <<COLUMN_SEQUENCES>>
  BEGIN
    IF INSERTING AND :NEW.NB_IDN IS NULL THEN
      SELECT TB_ADM_TIPO_DOCUMENTO_SEQ.NEXTVAL INTO :NEW.NB_IDN FROM SYS.DUAL;
    END IF;
  END COLUMN_SEQUENCES;
END;
/
ALTER TRIGGER "PROYINT"."TB_ADM_TIPO_DOCUMENTO_TRG" ENABLE;
--------------------------------------------------------
--  DDL for Trigger TB_ADM_USUARIO_TRG
--------------------------------------------------------

  CREATE OR REPLACE TRIGGER "PROYINT"."TB_ADM_USUARIO_TRG" 
BEFORE INSERT ON TB_ADM_USUARIO 
FOR EACH ROW 
BEGIN
  <<COLUMN_SEQUENCES>>
  BEGIN
    IF INSERTING AND :NEW.NB_IDN IS NULL THEN
      SELECT TB_ADM_USUARIO_SEQ.NEXTVAL INTO :NEW.NB_IDN FROM SYS.DUAL;
    END IF;
  END COLUMN_SEQUENCES;
END;
/
ALTER TRIGGER "PROYINT"."TB_ADM_USUARIO_TRG" ENABLE;
--------------------------------------------------------
--  DDL for Trigger TB_PRY_ESTADOS_TRG
--------------------------------------------------------

  CREATE OR REPLACE TRIGGER "PROYINT"."TB_PRY_ESTADOS_TRG" 
BEFORE INSERT ON TB_PRY_ESTADOS 
FOR EACH ROW 
BEGIN
  <<COLUMN_SEQUENCES>>
  BEGIN
    IF INSERTING AND :NEW.NB_IDN IS NULL THEN
      SELECT TB_PRY_ESTADOS_SEQ.NEXTVAL INTO :NEW.NB_IDN FROM SYS.DUAL;
    END IF;
  END COLUMN_SEQUENCES;
END;
/
ALTER TRIGGER "PROYINT"."TB_PRY_ESTADOS_TRG" ENABLE;
--------------------------------------------------------
--  DDL for Trigger TB_PRY_MODALIDADES_TRG
--------------------------------------------------------

  CREATE OR REPLACE TRIGGER "PROYINT"."TB_PRY_MODALIDADES_TRG" 
BEFORE INSERT ON TB_PRY_MODALIDADES 
FOR EACH ROW 
BEGIN
  <<COLUMN_SEQUENCES>>
  BEGIN
    IF INSERTING AND :NEW.NB_IDN IS NULL THEN
      SELECT TB_PRY_MODALIDADES_SEQ.NEXTVAL INTO :NEW.NB_IDN FROM SYS.DUAL;
    END IF;
  END COLUMN_SEQUENCES;
END;
/
ALTER TRIGGER "PROYINT"."TB_PRY_MODALIDADES_TRG" ENABLE;
--------------------------------------------------------
--  DDL for Trigger TB_PRY_OBJETIVOS_ESPECIFICOS_
--------------------------------------------------------

  CREATE OR REPLACE TRIGGER "PROYINT"."TB_PRY_OBJETIVOS_ESPECIFICOS_" 
BEFORE INSERT ON TB_PRY_OBJETIVOS_ESPECIFICOS 
FOR EACH ROW 
BEGIN
  <<COLUMN_SEQUENCES>>
  BEGIN
    IF INSERTING AND :NEW.NB_IDN IS NULL THEN
      SELECT TB_PRY_OBJETIVOS_ESPECIFICOS_.NEXTVAL INTO :NEW.NB_IDN FROM SYS.DUAL;
    END IF;
  END COLUMN_SEQUENCES;
END;
/
ALTER TRIGGER "PROYINT"."TB_PRY_OBJETIVOS_ESPECIFICOS_" ENABLE;
--------------------------------------------------------
--  DDL for Trigger TB_PRY_PROYECTO_TRG
--------------------------------------------------------

  CREATE OR REPLACE TRIGGER "PROYINT"."TB_PRY_PROYECTO_TRG" 
BEFORE INSERT ON TB_PRY_PROYECTO 
FOR EACH ROW 
BEGIN
  <<COLUMN_SEQUENCES>>
  BEGIN
    IF INSERTING AND :NEW.NB_IDN IS NULL THEN
      SELECT TB_PRY_PROYECTO_SEQ.NEXTVAL INTO :NEW.NB_IDN FROM SYS.DUAL;
    END IF;
  END COLUMN_SEQUENCES;
END;
/
ALTER TRIGGER "PROYINT"."TB_PRY_PROYECTO_TRG" ENABLE;
--------------------------------------------------------
--  DDL for Trigger TB_PRY_TIPOSPROYECTO_TRG
--------------------------------------------------------

  CREATE OR REPLACE TRIGGER "PROYINT"."TB_PRY_TIPOSPROYECTO_TRG" 
BEFORE INSERT ON TB_PRY_TIPOSPROYECTO 
FOR EACH ROW 
BEGIN
  <<COLUMN_SEQUENCES>>
  BEGIN
    IF INSERTING AND :NEW.NB_IDN IS NULL THEN
      SELECT TB_PRY_TIPOSPROYECTO_SEQ.NEXTVAL INTO :NEW.NB_IDN FROM SYS.DUAL;
    END IF;
  END COLUMN_SEQUENCES;
END;
/
ALTER TRIGGER "PROYINT"."TB_PRY_TIPOSPROYECTO_TRG" ENABLE;
